제목,업로더,조회수,게시일
[MV] STAYC(스테이씨) - ASAP,1theK (원더케이),11364531,2021-04-08
[MV] STAYC(스테이씨) _ STEREOTYPE(색안경),1theK (원더케이),6597782,2021-09-06
STAYC (스테이씨) PLAYLIST 2021 (ALL SONGS) | 스테이씨 노래 모음,LQ KPOP,275136,2021-09-06
스테이씨 노래모음 9곡 (가사포함) | STAYC Playlist 9 Songs (Korean Lyrics),밤공원 𝙋𝙇𝘼𝙔𝙇𝙄𝙎𝙏,36162,2021-10-14
STAYC(스테이씨) '색안경 (STEREOTYPE)' Dance Practice,STAYC,3392504,2021-09-07
[MV] STAYC (스테이씨) _ SO BAD,1theK (원더케이),8797505,2020-11-12
STAYC STEREOTYPE Lyrics (스테이씨 색안경 가사) [Color Coded Lyrics/Han/Rom/Eng],Lemoring,2529537,2021-09-06
색안경 (STEREOTYPE) - STAYC (스테이씨) [뮤직뱅크/Music Bank] | KBS 210910 방송,KBS Kpop,1287200,2021-09-10
STAYC 'ASAP' Lyrics (스테이씨 ASAP 가사) (Color Coded Lyrics),Jaeguchi,6318972,2021-04-08
"[4K] STAYC 가 부르는 빌보드, 스포티파이, 멜론 전세계 음악 차트 씹어 먹은 히트곡 메들리 | BTS Justin Biber Ed Sheeran | 스테이씨 | W.W.C",1theK Originals - 원더케이 오리지널,1225475,2021-09-24
STAYC 'SO BAD' Lyrics (스테이씨 SO BAD 가사) (Color Coded Lyrics),Jaeguchi,2574121,2020-11-12
"스테이씨(STAYC), 톡톡 튀는 ‘ASAP (Remixed by Prime Time)’ 무대ㅣ2021 SBS 가요대전(2021sbsgayo)ㅣSBS ENTER.",SBS Entertainment,111752,2021-12-25
"[LIVE] STAYC - Bang Bang (Jessie J, Ariana Grande, Nicki Minaj) / 전효성의 꿈꾸는 라디오 / MBC 210420 방송",MBC Radio봉춘라디오,434282,2021-04-21
"스테이씨(STAYC), ‘색안경(STEREOTYPE) (Remixed by Prime Time)’ㅣ2021 SBS 가요대전(2021sbsgayo)ㅣSBS ENTER.",SBS Entertainment,174299,2021-12-25
STAYC (스테이씨) - STEREOTYPE (1 Hour) Lyrics | 1시간,Sad Night,108991,2021-09-06
[STACY] 스테이씨 시그니처 사운드 모음 (데뷔~지금까지),비비에스마다몬아돈닏노라잍투쌰인,938293,2021-09-06
STAYC (스테이씨) ASAP (에이셉) 교차편집 (Stage Mix),SoulYeon솔연,10212486,2021-04-25
STAYC(스테이씨) - STEREOTYPE(색안경) @인기가요 inkigayo 20211003,스브스케이팝 / SBS KPOP,1058658,2021-10-03
STAYC(스테이씨) '색안경 (STEREOTYPE)' (교차편집 Stage Mix),idol studio,1209340,2021-09-15
[4K] 스테이씨(STAYC) - “색안경(STEREOTYPE)” Band LIVE Concert │스테이씨는 케이팝을 찢어 [it’s KPOP LIVE 잇츠라이브],it's Live,1782838,2021-09-06
STAYC (스테이씨) 'SO BAD' 교차편집 (Stage Mix),호구마 HOGUMA,2570898,2020-12-22
STAYC(스테이씨) 'ASAP' Dance Practice,STAYC,5069428,2021-04-10
오늘 아이돌등판은 싸움인가? 스테이씨우먼파이터! 스테이씨 서열 1위는 나야! | 색안경 | STAYC _ STEREOTYPE | IDDP | 윤 시은 세은 아이사 재이 수민,1theK Originals - 원더케이 오리지널,1370432,2021-09-06
STAYC J | Dua Lipa 'Don't Start Now' COVER,STAYC,978818,2021-07-16
꾹꾹이춤🐾 STACY(스테이씨)-asap(에이셉)~(˘▾˘~),로렌 Loren,12150,2021-06-27
STAYC(스테이씨)의 “ASAP(에이셉)” Band Live Ver. │돌아온 짱테이씨의 청량한 틴프레시 에너지💕 [it’s KPOP LIVE 잇츠라이브],it's Live,2849973,2021-04-23
(ENG) 앞머리를 컨실러로 염색한다고? 스테이씨(STAYC) 친구들아 이거 정말 유행이야?ㅠ / [문명특급 EP.208],문명특급 - MMTG,1799227,2021-09-02
STAYC(스테이씨) 'I'll BE THERE' Live Clip,STAYC,507692,2021-10-13
"STAYC 스테이씨 "" I'LL BE THERE "" Lyrics (ColorCoded/ENG/HAN/ROM/가사)",Puno Autopop,148654,2021-09-06
"STAYC, THE SHOW CHOICE! [THE SHOW 210914]",The K-POP,515982,2021-09-14
[릴레이댄스] STAYC(스테이씨) - ASAP (4K),M2,5943422,2021-04-12
STAYC(스테이씨) - STEREOTYPE(색안경) @인기가요 inkigayo 20210919,스브스케이팝 / SBS KPOP,469324,2021-09-19
SM 이수만이 BTS 불타오르네를 만들었다면 어떤 느낌일까? | STAYC | BTS | BLACKPINK | TWICE | Red Velvet | SWITCH ON,1theK Originals - 원더케이 오리지널,4525622,2020-10-28
STAYC(스테이씨) 'ASAP' (교차편집 Stage Mix),idol studio,1368026,2021-04-15
MAFIADANCE (마피아댄스)🔥파이트❗스테이씨 우먼 파이터🔥,dingo global DGG,1287648,2021-09-13
STAYC(스테이씨) 'LIKE THIS' Performance Ver.,STAYC,1935451,2020-11-15
힘 내!(Way To Go)(원곡 :소녀시대) - STAYC(스테이씨) [뮤직뱅크/Music Bank] | KBS 210108 방송,KBS Kpop,1465713,2021-01-08
원더케이 수상하군! 호캉스를 꿈꾸는 STAYC에게 주어진 ㄴ상상도 못한 휴가ㄱ | 스테이케이션 EP.1 | STAYCATION | STAYC(스테이씨),1theK Originals - 원더케이 오리지널,995176,2021-04-22
STAYC(스테이씨) 'SO WHAT' Dance Practice,STAYC,666840,2021-05-12
STAYC (스테이씨) - 'SO WHAT' Lyrics [Color Coded_Han_Rom_Eng],Zaty Farhani,480348,2021-04-08
STAYC(스테이씨) - 힘내!(Way to go) (Music Bank) | KBS WORLD TV 210108,KBS WORLD TV,186712,2021-01-08
[4K] STAYC가 전 세계 히트송을 K-POP 버전으로 편곡하여 부른다면? | Sia LABANOON Siti Badriah 아이유 | STAYC(스테이씨) | W.W.C,1theK Originals - 원더케이 오리지널,2266191,2021-04-15
STAYC(스테이씨) [STEREOTYPE] Concept Trailer,STAYC,3761231,2021-09-01
STAYC스테이씨 'SO BAD' MV reaction,Differently Alike,56576,2020-12-30
STAYC(스테이씨) [STEREOTYPE] Album UNBOXING,STAYC,232903,2021-09-08
"[쇼! 음악중심] 스테이씨 - 쏘 왓 (STAYC - SO WHAT), MBC 210508 방송",MBCkpop,101000,2021-05-08
[ENG/IDN] 슈.퍼.루.키. 스테이씨(STAYC) 흥망진창 뒤집고 간 현장⭐내 내 내 머리 머리🤔 내 머릿속이 STAYC (스테이씨)로 가득해💖 - 팩트iN스타,팩트iN스타 Fact iN Star,335127,2020-12-11
STAYC(스테이씨) 'SO WHAT' Live Clip,STAYC,747817,2021-04-27
[ENG SUB] 안녕하세요 우리는 짱테이씨입니다. | 아이돌 인간극장 - 스테이씨편,KBS Kpop,259323,2021-09-11
"STAYC, SO WHAT (스테이씨, SO WHAT) [THE SHOW 210413]",The K-POP,588074,2021-04-13
STAYC(스테이씨) - So bad / 2021 울산서머페스티벌,울산MBC_뮤직,270339,2021-09-07
[교차편집] STAYC(스테이씨) - 색안경(STEREOTYPE) / Stage Mix,나옹,134182,2021-10-09
*최초* 스테이씨 전원 폭풍 오열하게 만든 신인개발팀의 마지막 수업은? | 1theK 신인개발팀 | 1theK Hard Training Team,1theK Originals - 원더케이 오리지널,728990,2020-12-10
"[쇼! 음악중심] 스테이씨 - 색안경 (STAYC - STEREOTYPE), MBC 210925 방송",MBCkpop,357359,2021-09-25
STAYC (스테이씨) SO WHAT (쏘 왓) 교차편집 (Stage Mix),SoulYeon솔연,992913,2021-05-10
쿨룩 LIVE ▷ 스테이씨(STAYC) ‘색안경(STEREOTYPE)' /[Day6의 키스 더 라디오] l kbs 210910 방송,KBS CoolFM,461551,2021-09-10
색안경 (STEREOTYPE) - STAYC (스테이씨) [뮤직뱅크/Music Bank] | KBS 210917 방송,KBS Kpop,229170,2021-09-17
(ENG SUB)[MusicBank Interview Cam] 스테이씨 (STAYC Interview)l @MusicBank KBS 210910,KBS Kpop,191382,2021-09-10
[4K] 스테이씨(STACY) - 색안경(STEREOTYPE) 교차편집 (stage mix),채율,70,2021-11-06
"(ENG sub) STAYC(스테이씨) - 색안경(STEREOTYPE), ASAP [World is One 2021 CONCERT - 화제의 무대 다시보기]",MBCkpop,405837,2021-11-07
🌈무지개가 어떻게 가능해요?🤔 | 스테이씨-그널💘시즌2 #1,STAYC,118668,2021-07-23
[4K] 색안경 부수고 퇴폐미 장착한 스테이씨의 느와르 퍼포먼스 | Doja Cat | Boss B*tch | STAYC | Choreography | STAGE BREAK,1theK Originals - 원더케이 오리지널,1128730,2021-09-30
STAYC(스테이씨) - STEREOTYPE(색안경) (Music Bank) l KBS WORLD TV 210917,KBS WORLD TV,223241,2021-09-17
"STAYC, STEREOTYPE (스테이씨, 색안경) [THE SHOW 210928]",The K-POP,566129,2021-09-28
스윗Logㅣ스테이씨 색안경 앨범깡ㅣSTACY,유나,77,2021-10-23
쿨룩 LIVE ▷스테이씨(STAYC) ‘I'll BE THERE’ /[Day6의 키스 더 라디오] l kbs 210910 방송,KBS CoolFM,88783,2021-09-10
[FM/V] 스테이씨 STACY 사랑은 원래 이렇게 아픈 건가요,루비,1136,2021-04-08
STACY(스테이씨)-'색안경'(STEREOTYPE) 커버댄스 Dance Cover/독학/10년생,신성연 sungyeon,8730,2021-09-11
💕스테이씨{STACY}소개서와 매세지💕,💖스테이씨_팬계정 STACY💖,9,2021-11-16
STAYC(스테이씨)의 “사랑은 원래 이렇게 아픈 건가요(LOVE FOOL)” Band Live Ver.│누가 울 짱테이씨 아프게 했냐!! [it’s KPOP LIVE 잇츠라이브],it's Live,422616,2021-04-23
스테이씨 asap stacy 꾹꾹이춤 챌린지,오징어,1424,2021-07-22
COMPLEX (COMPLEX),STAYC,686407,2021-09-06
STAYC 'COMPLEX' Lyrics (Color Coded Lyrics Eng/Rom/Han) (스테이씨 COMPLEX 가사),kyungwoo,9713,2021-09-06
SO WHAT - STAYC(스테이씨) [뮤직뱅크/Music Bank] | KBS 210507 방송,KBS Kpop,182714,2021-05-07
"[4K] [MIC in the SCENE] STAYC 스테이씨 - 색안경(STEREOTYPE) 라이브 LIVEㅣ윤, 아이사, 세은, 시은, 재이, 수민 마이크인더씬",노래는 듣고 다니냐 NORAE-ing,1142266,2021-09-07
[K-Choreo 8k] 스테이씨 직캠 '힘 내! (Way to go)' (원곡:소녀시대) (STAYC Choreography) l @MusicBank 210108,KBS Kpop,697549,2021-01-08
색안경 (STEREOTYPE) - STAYC (스테이씨) [뮤직뱅크/Music Bank] | KBS 210924 방송,KBS Kpop,294733,2021-09-24
STAYC(스테이씨) '색안경 (STEREOTYPE)' Live Clip,STAYC,450594,2021-09-14
[4K] STAYC (스테이씨) 색안경 (STEREOTYPE) 교차편집 (Stage Mix),SoulYeon솔연,660930,2021-09-27
[TJ노래방] 색안경(STEREOTYPE) - STAYC(스테이씨) / TJ Karaoke,TJ KARAOKE TJ 노래방 공식 유튜브채널,511967,2021-09-09
[4D Lable] 스테이씨(STACY) - ASAP(에이셉) / Dance Cover / Jihyun_4D Lable Instructor,4D Lable _ kidsindance.4ddance,1446,2021-05-05
[스테이씨STACY] 백신맞은 언니즈 01,스윗인데 문제있나?,8,2021-12-20
"STAYC, LIKE THIS (스테이씨, LIKE THIS) [THE SHOW 201117]",The K-POP,237906,2020-11-17
STAYC (스테이씨) 'ASAP' REACTION,DLK TV,20827,2021-04-30
🌕추석특집🌕 슽자매들 | 스테이씨 진짜 다 예쁘고 잘하는 것 같아 그치?,STAYC,144801,2021-09-21
[STAY:SEE👀] #11 STAYC(스테이씨) [STAYDOM] 레코딩 비하인드,STAYC,503942,2021-04-24
STAYC(스테이씨) [STEREOTYPE] Preview #3 Choreography,STAYC,1102723,2021-09-02
STEREOTYPE Practice VLOG #1,STAYC,320826,2021-09-28
[주간아 미방] 스테이씨(STAYC)의 '색안경(STEREOTYPE)'♬ l EP.528,ALL THE K-POP,773991,2021-09-08
STAYC - Friends [유희열의 스케치북/You Heeyeol’s Sketchbook] | KBS 210910 방송,KBS Kpop,254072,2021-09-11
[K-Choreo 6k] 스테이씨 'ASAP' (STAYC Choreography) l @MusicBank 210409,KBS Kpop,720072,2021-04-09
스테이씨 (stacy) - 에이쌥 ASAP 꾹꾹이춤 #shorts,형욱스 daily,211,2021-08-22
STAYC - STEREOTYPE (스테이씨 - 색안경) | Show Champion | EP.410,ALL THE K-POP,172329,2021-09-22
STAYC(스테이씨) - ASAP+색안경 [2021 KBS 가요대축제] | KBS 211217 방송,KBS Kpop,141810,2021-12-17
[4K] 스테이씨(STAYC) - “I’ll be there” Band LIVE Concert │ 짱테이씨의 수록곡 밴드라이브💖 [it’s KPOP LIVE 잇츠라이브],it's Live,334686,2021-09-10
스테이씨 STACY - 색안경 STEREOTYPE Cover by LECHAT,lechat 르샤,2377,2021-10-12
STACY(스테이씨) - 색안경(STEREOTYPE) / Line Distribution + Lyrics (파트분배 + 가사),G_MUSIC,129,2021-09-11
[#채키타카] 짱테이씨의 단톡방은 나노단위로 💥케미폭발💥| 채키타카 ep.3 | CHEKITAKA | STAYC(스테이씨),Studio FLO 스튜디오 플로,383712,2021-09-29
[덕질캡처용♥CLEAN] 스테이씨 - 색안경 (STAYC - STEREOTYPE)┃#쇼챔피언┃EP.410,ALL THE K-POP,30113,2021-10-01
SLOW DOWN (SLOW DOWN),STAYC,1170326,2021-09-06
STAYC(스테이씨 ステイシー) - ASAP + STEREOTYPE (색안경) (2021 KBS Song Festival) I KBS WORLD TV 211217,KBS WORLD TV,782131,2021-12-17
"STAYC 스테이씨 "" SLOW DOWN "" Lyrics (ColorCoded/ENG/HAN/ROM/가사)",Puno Autopop,90351,2021-09-06
STAYC(스테이씨) - ASAP @인기가요 inkigayo 20210411,스브스케이팝 / SBS KPOP,750438,2021-04-11
[STAYC] IU 만났을 때 울은 스테이씨 시은|SIEUN cried when she met IU| 蒔恩見到IU哭了,아이사탕~ SWITH CANDY,76414,2021-12-22
STAYC(스테이씨) SO BAD (Unplugged Ver.) Stage Cut │ 짱테이씨의 쏘밷 언플러그드 버전 무대 다시보기! [it's KPOP LIVE 잇츠라이브],it's Live,905364,2021-01-27
[STAY:SEE👀] #23 '색안경 (STEREOTYPE)' Recording Behind,STAYC,556415,2021-10-01
STAYC 스테이씨 1st Mini Album [ STEREOTYPE ]ㅣ앨범전곡재생 Playlist,노래는 듣고 다니냐 NORAE-ing,45693,2021-09-06
[스테이씨 STACY] 재이의 사다리,스윗한 스윗,16,2021-10-18
STAYC (스테이씨) - SO BAD「Audio」,LQ KPOP,39015,2020-11-12
[K-Choreo 8K] 스테이씨 직캠 'ASAP + 색안경(STEREOTYPE)' (STAYC Choreography) l @가요대축제 211217,KBS Kpop,94529,2021-12-18
스테이씨의 문여는법 [STACY_스윗],위팃Wi,5,2021-12-26
[스테이씨◡̈] 윤세은 귀여워 🥴 #STACY #스테이씨 #세은,빛센니,2009,2021-03-01
[MIRRORED] 4K STAYC (스테이씨) - 'ASAP (에이셉)' Dance Practice (안무연습 거울모드),DeAnime Kpop,1365815,2021-04-11
STACY(스테이씨) - ‘색안경(STEREOTYPE)’ cover by adorable | 마산무학여자중학교 댄스부 | kpop dance cover,Adorable어도러블,2441,2021-11-06
[4K]❤️비주얼+퍼포먼스+보컬 모두 갓벽하다는❤️STAYC(스테이씨)-ASAPㅣ세로라이브ㅣSERO LIVEㅣ딩고뮤직ㅣDingo Music,딩고 뮤직 / dingo music,1067025,2021-04-13
스테이씨 '색안경' 뮤비를 보는 남녀 댄서의 반응 차이 | STAYC 'STEREOTYPE'' MV REACTION,ARTBEAT,136720,2021-09-07
[릴레이댄스 어게인] STAYC(스테이씨) - OOH-AHH하게(Like OOH-AHH) (Original song by. TWICE) (4K),M2,1822143,2021-04-24
두 장은 아쉬워서 한 장만 더 사보는 스테이씨(STACY) ASAP 앨범깡로그,얌얌굿 YUMYUMGOOD,355,2021-05-12
[랜덤플레이댄스FULL] 짱테이씨가 짱.테.이.씨 했다♥ 잘해도 너무 잘해 우린 스테이씬걸♡ l 스테이씨(STAYC) l RandomPlayDance,ALL THE K-POP,433440,2021-09-09
집에서 부르는 스테이씨(STACY)-색안경(STEREOTYPE) 커버(cover) 라이브 #shorts,팔지,227,2021-09-17
스테이씨(STACY) - ASAP #shorts #stayc #dancecover,유메츄리,1157,2021-05-30
[COVER] 스테이씨(STACY) – ASAP,나원,510,2021-04-17
[Show Champion] [HOT DEBUT] 스테이씨 - SO BAD (STAYC - SO BAD) l EP.379,ALL THE K-POP,299951,2020-11-18
STAYC(스테이씨) - SO BAD @인기가요 inkigayo 20201122,스브스케이팝 / SBS KPOP,896983,2020-11-22
좋은 노래 + 좋은 노래=💖 STAYC 'ASAP+색안경' (STEREOTYPE) [유희열의 스케치북/You Heeyeol’s Sketchbook] | KBS 210910 방송,KBS Kpop,680703,2021-09-11
스테이씨 색안경 교차편집 : STACY,LV,70,2021-09-28
STACY(스테이씨) 시은 - 연핑크 염색 (댓글로 신청받아요 ʕ”̮ॽुෆ⃛ ),사각 사각,2298,2021-05-26
[스테이씨STACY 시은] 내 생각으로 씬니 좋은노래,스윗인데 문제있나?,16,2021-12-20
색안경 | STEREOTYPE | ￼￼￼스테이씨 | STACY | 교차편집,라욤{꒰◍ˊ◡ˋ꒱},51,2021-10-27
데뷔부터 완성형이었던 ✨STAYC✨ 색안경👓끼고 봐도 아름다운🎆 무대 모아보기❤ (Stage Compilation) | #소장각 | 뮤직뱅크 [KBS 방송],KBS StarTV: 인물사전,101307,2021-09-10
[제페토/Zepeto] 색안경챌린지 Stereotype - 스테이씨 Stacy,ZPT 설아,1476,2021-09-26
LOVE FOOL (사랑은 원래 이렇게 아픈 건가요),STAYC,1377901,2021-04-08
STAYC (스테이씨) - 'LOVE FOOL' (사랑은 원래 이렇게 아픈 건가요) Lyrics [Color Coded_Han_Rom_Eng],Zaty Farhani,169220,2021-04-08
STAYC(스테이씨) 색안경(STEREOTYPE) Stage 🍊💋 | 1st Mini Album ‘STEREOTYPE' Media Showcase (미디어 쇼케이스),Vstar,303620,2021-09-06
[4K] BLACKPINK & EXO & TWICE 아이돌 계보를 이을 STAYC의 추억여행 | 스테이씨 | Dance Cover | 우리가 사랑한 노래 | Our Beloved,1theK Originals - 원더케이 오리지널,2752244,2020-11-04
"STAYC, STEREOTYPE (스테이씨, 색안경) [THE SHOW 210914]",The K-POP,581393,2021-09-14
#asap #stayc #스테이씨 [Dance]STACY(스테이씨)-ASAP (에이셉) 안무 - MinA,MinA민아월드,1764,2021-05-31
STAYC(스테이씨) '사랑은 원래 이렇게 아픈 건가요' Live Clip,STAYC,318047,2021-05-18
"(ENG sub) [쇼! 음악중심] 스테이씨 - 색안경 (STAYC - STEREOTYPE), MBC 210911 방송",MBCkpop,673309,2021-09-11
색안경 - 스테이씨 / STEREOTYPE / STACY / 08 / 독학 / 숙대입시,갱냉이,71,2021-09-09
[After School Club] The peak of teen fresh🍦STAYC(스테이씨)🍭is back with a kitsch sentiment _Full Episode,ARIRANG K-POP,40422,2021-04-21
(ENG) 스테이씨(STAYC) 입덕스쿨이 열렸다고❓ 이거 완전 등교 각! 데뷔곡부터 신곡까지 직.접.코.칭.해.준.다. 《정식의뢰》 Ep.20 by 모비딕 Mobidic,모비딕 Mobidic,174044,2021-09-10
[스테이씨] 윤(심자윤) 입덕영상 ~ [STAYC] YOON ~ Joining a Fandom!!!,등더리 테레비,95330,2020-12-09
[타이포 그래피] STACY(스테이씨) - ASAP,Neyrin[네이린],252,2021-09-01
[Full Album] STAYC (스테이씨) - STAYDOM,LQ KPOP,100805,2021-04-08
STAYC (스테이씨) - SO BAD | 박진주가 부릅니다. [ENG Sub],박진주 PARK JINJOO,37544,2021-09-30
STAYC | SEVENTEEN ’독 : Fear’ DANCE COVER,STAYC,422095,2021-08-26
[ 스테이씨/ stacy ] 경력직 신입의 가소로운 표정,MY IDOL,975,2021-10-21
스테이씨(STACY) - TT(JYP + HYBE(Bighit) ver.) 댓글 모음,미모미,272,2021-08-16
STAYC(스테이씨) '색안경 (STEREOTYPE)' MV Teaser,STAYC,1618941,2021-09-05
STACY(스테이씨) 색안경 (STEREOTYPE) (교차편집 Stage Mix),교차편집,181,2021-10-18
"STAYC, ASAP (스테이씨, ASAP) [THE SHOW 210413]",The K-POP,950052,2021-04-13
색안경 스테이씨 STACY Dance Cover 이로초,yuliana kim,118,2021-11-30
STAYC(스테이씨) “사랑은 원래 이렇게 아픈 건가요(LOVE FOOL)” / [2021 울산서머페스티벌],울산MBC_뮤직,30437,2021-09-15
STAYC(스테이씨) '색안경 (STEREOTYPE)' MV REACTION,GZBKarma,83780,2021-09-06
STAYC(스테이씨) - SO BAD @인기가요 inkigayo 20201115,스브스케이팝 / SBS KPOP,1311380,2020-11-15
STAYC(스테이씨) '색안경 (STEREOTYPE)' MV Performance Ver.,STAYC,4649557,2021-09-15
"STAYC, SO BAD (스테이씨, SO BAD) [THE SHOW 201117]",The K-POP,452652,2020-11-17
[4D Lable] 일요 3시 베이직반 / Stacy (스테이씨) - Asap /수업스케치,4D Lable _ kidsindance.4ddance,1687,2021-07-09
[K-Choreo 8k] 스테이씨 직캠 '색안경 (STEREOTYPE)' (STAYC Choreography) l @MusicBank 210910,KBS Kpop,336020,2021-09-10
ASAP - STACY (Dance Cover) 에이셉 - 스테이씨,Gam Jatang,233,2021-07-09
Stacy(스테이씨)-ASAP (Audio spectrum),Soft Cloud,9,2021-06-28
친구들이랑~ 스테이씨(stacy)에이셉,또또미TV,13,2021-12-22
[4K] 역대급 컨셉으로 재현한 STAYC의 본능을 깨우는 파워풀 퍼포먼스 | 16 Shots | Camila | 스테이씨 | Choreography | STAGE BREAK,1theK Originals - 원더케이 오리지널,1746081,2021-04-19
STAYC (스테이씨) - I'LL BE THERE 1시간 [1 HOUR LOOP],gspanda28,2113,2021-09-06
STACY(스테이씨) - ASAP ｜PIANO COVER,GMPSound_밍구,143,2021-06-26
[MR Removed | 엠알 제거] STAYC(스테이씨) _ STEREOTYPE(스테레오타입) @ 210910 KBS Music Bank,태형시,48459,2021-09-10
[2021 가요대전 4K] 스테이씨 '색안경+ASAP' 풀캠 (STAYC 'STEREOTYPE+ASAP' Full Cam)│@SBS Gayo Daejeon_2021.12.25.,스브스케이팝 / SBS KPOP,230031,2021-12-25
09년생이 추는 STAYC [스테이씨] - STEREOTYPE [색안경]#shorts Cover by 사랑(Sa_Rang)｜클레버TV,Clevr TV [클레버티비],316454,2021-09-12
쿨룩 LIVE ▷스테이씨(STAYC) ‘색안경’ / [정은지의 가요광장]｜KBS 210908 방송,KBS CoolFM,372074,2021-09-08
[TJ노래방] ASAP - STAYC(스테이씨) / TJ Karaoke,TJ KARAOKE TJ 노래방 공식 유튜브채널,699563,2021-04-16
전원 센터 비주얼급!! 드디어 데뷔 스테이씨!🌟 | 스테이씨(STAYC) _ SO BAD | 수트댄스 | Suit Dance,1theK Originals - 원더케이 오리지널,1345250,2020-11-13
STACY(스테이씨)-'ASAP'(에이셉) 커버댄스 DANCE COVER/독학/10년생,신성연 sungyeon,22910,2021-04-17
STACY(스테이씨)-색안경(STEREOTYPE) (Audio spectrum),Soft Cloud,1,2021-12-11
STAYC (스테이씨) WINS NEW WAVE AWARD | @ ASIA ARTIST AWARDS AAA 2021,paulaaa,7102,2021-12-02
STACY(스테이씨)-색안경/커버댄스/10년생/독학,가은,52,2021-10-06
"STAYC, STEREOTYPE (스테이씨, 색안경) [2021 INK Incheon K-POP Concert]",The K-POP,240716,2021-09-27
STAYC(스테이씨) - ASAP PIANO COVER,HANPPYEOM한뼘피아노,17991,2021-04-08
STAYC(스테이씨) - SO WHAT [어린이는 사랑입니다] | KBS 210505 방송,KBS Entertain,27152,2021-05-07
STAYC(스테이씨) - STEREOTYPE(색안경) @인기가요 inkigayo 20210912,스브스케이팝 / SBS KPOP,750902,2021-09-12
STAYC (스테이씨) - 'COMPLEX' Lyrics [Color Coded_Han_Rom_Eng],Zaty Farhani,62586,2021-09-06
STACY(스테이씨) - So Bad dance cover by Ash,Ash 同志社KPOP COVER DANCE,407,2021-04-25
STAYC(스테이씨) - SO BAD (Tak Remix) @인기가요 inkigayo 20210110,스브스케이팝 / SBS KPOP,624715,2021-01-10
[K-Choreo 8k] 스테이씨 직캠 '색안경 (STEREOTYPE)' (STAYC Choreography) l @MusicBank 210917,KBS Kpop,132580,2021-09-17
STACY 스테이씨 자기소개하기~ 지스타 2021,JS 2TV,933,2021-11-20
STACY(스테이씨) - So Bad / 교차편집(Stage mix),로니,997,2020-12-11
[방구석 여기서요?] 스테이씨 STAYC - 색안경 STEREOTYPE | 커버댄스 Dance Cover,ARTBEAT,595632,2021-09-15
스테이씨(STACY)윤님(Yoon)염색!(신청가능)#shorts(출처를 이렇게 하는게 맟는지 모르겠지만 크롬 어딘가에서 따온 사진입니당),아이스크림,729,2021-11-15
"STAYC (스테이씨) - STEREOTYPE, ASAP | Live at 2021 The Fact Music Awards",STAYC ID,75563,2021-10-02
STAYC(스테이씨) '색안경 (STEREOTYPE)' Dance Tutorial | Mirrored + Explained,Kathleen Carm,116379,2021-09-12
STACY 스테이씨 ASAP 지스타 2021,JS 2TV,1411,2021-11-20
STAYC(스테이씨) [STEREOTYPE] Preview #2 Highlight Medley,STAYC,371099,2021-08-30
STAYC(스테이씨) 'SLOW DOWN' Dance Practice,STAYC,645069,2021-09-24
STACY(스테이씨) - ASAP 챌린지,보나마나Bonamana,1504,2021-04-28
[KPOP IN PUBLIC CHALLENGE] STAYC (스테이씨) - ASAP Dance Cover By F.Nix From Taiwan,F.Nix,116010,2021-05-13
"STAYC, ASAP (스테이씨, ASAP) [2021 INK Incheon K-POP Concert]",The K-POP,138481,2021-09-27
[STAY:SEE👀] #24 '색안경 (STEREOTYPE)' MV Behind EP.1,STAYC,196793,2021-10-05
STAYC (스테이씨) - 'SLOW DOWN' Lyrics [Color Coded_Han_Rom_Eng],Zaty Farhani,96914,2021-09-06
[After School Club] 🎈STAYC(스테이씨)✨ The well-prepared rookies that make us want to stan _ Full Episode,ARIRANG K-POP,82844,2020-12-16
[STACY]12시가 아쉬운 스테이씨,최장신박시은,7,2021-09-02
스테이씨-그널💘 | Sieun & Yoon,STAYC,165205,2021-01-29
🏠 스테이씨 오신 날,땡깡DanceKang,1972412,2021-09-19
SO BAD - STACY (스테이씨) COVER,옹메기떡,210,2020-12-17
[CLEAN MR Removed] 210917 STAYC (스테이씨) STEREOTYPE | Music Bank MR제거,BHK MR Removed,35414,2021-09-17
211127 스테이씨(STAYC) - 색안경(STEREOTYPE) + 쏘왓(So What) + 쏘밷(So Bad) + 에이쎕(ASAP) / 2021 전북대 대동제,우유한잔,20944,2021-11-27
예고준비생이 부르는 스테이씨 (STACY) - 색안경 커버 cover.윤서 (Acoustic ver.),윤서 ❦,1749,2021-10-16
[4K] 스테이씨와 함께 하는 크리스마스🎄 | 색안경(Christmas Ver.) | 블라블라 | blah blah | 블립,블립 - blip,445368,2021-12-22
스테이씨 STAYC - SO BAD [LIVE] / 심야아이돌,네이버 NOW.,2265666,2020-11-20
STACY(스테이씨)_SO BAD를 콘서트에서 부른다면?[REMIX],뮤직인더스토리,29,2021-11-19
(ENG SUB)[MusicBank Interview Cam] 스테이씨 (STAYC Interview)l @MusicBank KBS 210917,KBS Kpop,56460,2021-09-17
[커버댄스] 스테이씨 -색안경커버댄스 | STACY ' STERROTYPE ' Dance cover,송연희yeonhee,361,2021-10-03
[스테이씨STACY] 자꾸 넘어지는 말랑복숭아 윤센❤️,스윗인데 문제있나?,68,2021-12-20
STACY - ASAP/스테이씨 - 에이셉 DANCE COVER,수쓸suessle,4038,2021-05-28
STAYC(스테이씨) '색안경 (STEREOTYPE)' Dance Tutorial | Mirrored + Slow Music,Kathleen Carm,237270,2021-09-12
[DANCE] 스테이씨(STACY) ASAP 댄스커버 1인 DANCE COVER,설쩡하세요,739,2021-06-11
[TJ노래방] SO BAD - STAYC(스테이씨) / TJ Karaoke,TJ KARAOKE TJ 노래방 공식 유튜브채널,235001,2020-11-18
[KPOP IN PUBLIC | ONE TAKE] STAYC(스테이씨) _ STEREOTYPE(색안경) | 커버댄스 Dance Cover By UPBEAT,UPBEAT,36719,2021-09-23
STAYC Sieun & J | 사이로(415) '그저 안녕' COVER,STAYC,370781,2021-07-10
색안경 (STEREOTYPE) - STAYC (스테이씨) [뮤직뱅크/Music Bank] | KBS 211001 방송,KBS Kpop,411179,2021-10-01
STAYC 스테이씨 STEREOTYPE MV Reaction Mashup | Mapkrish,Mapkrish,7696,2021-09-07
스테이씨(STAYC) 색안경(STEREOTYPE) 안무 거울모드(Dance Practice Mirrored),안무거울,327910,2021-09-08
스테이씨 STAYC - LIKE THIS [LIVE] / 퀘스천마크,네이버 NOW.,172375,2020-12-08
효인hyoin♥} 스테이씨STACY 에이셉 ASAP 커버댄스! ☆독학☆,효인이 Hyoin💖,665,2021-05-02
[주간아 미방] 스테이씨(STAYC) 아이사 '색안경(STEREOTYPE)' 직캠 l EP.528,ALL THE K-POP,146974,2021-09-08
[페이스캠4K] 스테이씨 시은 'ASAP' (STAYC SIEUN FaceCam)│@SBS Inkigayo_2021.04.11.,스브스케이팝 / SBS KPOP,1177248,2021-04-13
[Show Champion] [COMEBACK] 스테이씨 - 에이셉 (STAYC - ASAP) l EP.390,ALL THE K-POP,256301,2021-04-14
210925 스테이씨(STAYC) - 색안경(STEREOTYPE) + 에이셉(ASAP) / The 12th INK Incheon K-POP Concert,우유한잔,824866,2021-09-25
(ENG) 갓벽한 스테이씨 랜덤 플레이 댄스♬ l Weekly Idol l EP.528,ALL THE K-POP,143355,2021-09-08
STAYC STEREOTYPE Lyrics (스테이씨 색안경 가사) (Color Coded Lyrics),Jaeguchi,1086723,2021-09-06
[showcase] STAYC - slow down,스아랫,104369,2021-09-06
"6명의 소녀들 스테이씨 (Six Girls, STACY)",미모미,14,2021-08-14
스테이씨_쏘배드_댓글모음,비디터ᴠɪᴅɪᴛᴏʀ,704583,2021-10-31
[Freemind] STAYC(스테이씨) - 색안경 (STEREOTYPE) (Original Choreographer's Demo),Official FreeMind,22316,2021-09-24
STAYC ISA | EXO 'Love Shot' DANCE COVER,STAYC,946420,2021-07-07
"STAYC 스테이씨 "" COMPLEX "" Lyrics (ColorCoded/ENG/HAN/ROM/가사)",Puno Autopop,31740,2021-09-06
STACY(스테이씨)-ASAP커버댄스/꾹꾹이춤,유니댄스 DANCE,76,2021-07-30
STAYC 스테이씨 'ASAP' (LIVE VOCAL) @ NOW 210412,lil monster,844970,2021-04-13
[스테이씨 세은] 어 예쁘다,[SWITH]스테이씨팬튜브,550,2021-07-17
STAYC - STEREOTYPE Line Distribution (Color Coded),HEXA6ON,187827,2021-09-06
STAYC (스테이씨) - SO BAD [PIANO COVER],HANPPYEOM한뼘피아노,17163,2020-11-13
[ 스테이씨/ stacy ] 스테이씨는? 뻔뻔이다. 아하핰,MY IDOL,735,2021-10-21
[페이스캠4K] 스테이씨 윤 '색안경' (STAYC YOON 'STEREOTYPE' FaceCam)│@SBS Inkigayo_2021.10.03.,스브스케이팝 / SBS KPOP,68114,2021-10-05
[Tutorial]스테이씨 '색안경' 안무 배우기 Dance Tutorial Mirror Mode,Aloha채릉,31036,2021-09-07
귀염뽀짝 스테이씨의 상상도 못한 결과?! ㄴ😮ㄱ | 돌들의 침묵 | STAYC (스테이씨) ‘ASAP',MUPLY 뮤플리,571032,2021-04-09
[STAYC] 스테이씨 입덕가이드,재진,5746,2020-12-08
🎼STACY(스테이씨)-ASAP 편곡 ver. 실용음악과 일반인 남자 노래커버🎼,송구리당당Songguridangdang,7057,2021-06-19
ASAP - STAYC(스테이씨) [뮤직뱅크/Music Bank] | KBS 210416 방송,KBS Kpop,1668919,2021-04-16
이 조합 미쳤다 슬기x스테이씨,레베럽 해주세요,20575,2021-09-17
STAYC - STEREOTYPE (스테이씨 - 색안경) | Show Champion | EP.411,ALL THE K-POP,84961,2021-09-29
[페이스캠4K] 스테이씨 아이사 'SO BAD' (STAYC ISA FaceCam)│@SBS Inkigayo_2020.11.22.,스브스케이팝 / SBS KPOP,398543,2020-11-26
STAYC(스테이씨) 'ASAP' [REACTION MASHUP],React TV Brasil,30261,2021-04-09
[쇼! 음악중심]스테이씨 -소 배드 (STAYC -SO BAD) MBC 201205 방송,MBCkpop,403734,2020-12-05
[주간아 미방] 스테이씨(STAYC) 시은 '색안경(STEREOTYPE)' 직캠 l EP.528,ALL THE K-POP,84634,2021-09-08
[Reaction] [MV] STAYC(스테이씨) - ASAP,Sera Ryu-류 세라,37443,2021-04-09
[TJ노래방] SO WHAT - STAYC(스테이씨) / TJ Karaoke,TJ KARAOKE TJ 노래방 공식 유튜브채널,35608,2021-07-09
직장 상사 앞에서 추는 스테이씨 (STACY) ASAP(에이셉) - (feat. 뒤에 누가 지켜 보고 있다.),굿걸즈,2908,2021-06-24
STAYC(스테이씨) - SLOW DOWN (Music Bank) KBS WORLD TV 210910,KBS WORLD TV,75826,2021-09-13
SO BAD - STAYC(스테이씨) [뮤직뱅크/Music Bank] | KBS 201113 방송,KBS Kpop,1653733,2020-11-13
[예능연구소 4K] 스테이씨 직캠 '색안경(STEREOTYPE)' (STAYC FanCam) @Show!MusicCore 210911,MBCkpop,205199,2021-09-11
(ENG SUB)[MusicBank Interview Cam] 스테이씨 (STAYC Interview)l @MusicBank KBS 210625,KBS Kpop,167100,2021-06-25
STACY(스테이씨) - SO BAD 교차편집(Stage Mix),뗀석기,343,2020-12-10
"STAYC (스테이씨) ""STEREOTYPE (색안경)"" M/V REACTION - DANBEAT STUDIO",DANBEAT STUDIO (단빛 스튜디오),16048,2021-09-07
[방구석 여기서요?] 스테이씨 STAYC - ASAP | 커버댄스 Dance Cover,ARTBEAT,793029,2021-06-21
박남정 과 스테아저씨들(ASAP)스테이씨♡ 커버_꾹꾹이춤|STAYC|,ECB Channel,399380,2021-05-09
[페이스캠4K] 스테이씨 시은 '색안경' (STAYC SIEUN 'STEREOTYPE' FaceCam)│@SBS Inkigayo_2021.09.12.,스브스케이팝 / SBS KPOP,24648,2021-09-13
STACY(스테이씨) _ ASAP l Cover by Kesh,Kesh,43,2021-04-12
STAYC - SLOW DOWN (스테이씨 - 슬로우 다운) | Show Champion | EP.410,ALL THE K-POP,211875,2021-09-22
[안방1열 직캠4K] 스테이씨 아이사 '색안경' (STAYC ISA 'STEREOTYPE' FanCam)│@SBS Inkigayo_2021.09.12.,스브스케이팝 / SBS KPOP,82872,2021-09-12
다솜과 색안경 챌린지! #색안경#스테이 씨 #stereotype #stacy,앵두_Eangdoo°•°,143,2021-10-12
[Selahart] STACY (스테이씨) - 에이셉 ASAP 🌼 | Kpop Dance | 5 ppl ver.,Selahart Group,24,2021-09-21
STACY(스테이씨) - ASAP 교차편집(Stage Mix),따위,117,2021-06-06
[스테이씨/시은] 메인보컬 박시은,스테이숨,132389,2021-04-07
STEREOTYPE Practice VLOG #2,STAYC,478816,2021-09-29
[MIRRORED Full] 스테이씨(STACY) - ASAP(에이셉) | 댄스커버 거울모드,현해Hyunhae,52,2021-08-31
STAYC(스테이씨) 💖'ASAP'💖 MV Reaction,STAYC,316365,2021-04-15
[K-Choreo 6k] 스테이씨 'SO BAD' (STAYC Choreography) l @MusicBank 201113,KBS Kpop,150746,2020-11-16
"아빠 박남정과 똑 닮은 스테이씨(STAYC) 시은, 걸그룹 ‘폭풍데뷔’",뉴스1 연예TV,4365,2020-11-13
"STAYC(스테이씨), THE SHOW CHOICE! (Non-edited ver.) [THE SHOW 210914]",The K-POP,51022,2021-09-15
[커버댄스] STACY스테이씨-색안경 커버 ✨/ 10년생 / 독학,민서minseo,340,2021-10-05
쿨룩 LIVE ▷스테이씨(STAYC) ‘Complex’ / [정은지의 가요광장]｜KBS 210908 방송,KBS CoolFM,131071,2021-09-08
STAYC(스테이씨) '색안경 (STEREOTYPE)' MV reaction,Differently Alike,29212,2021-09-16
[안방1열 직캠4K] 스테이씨 아이사 'ASAP' (STAYC ISA FanCam)│@SBS Inkigayo_2021.04.18.,스브스케이팝 / SBS KPOP,464541,2021-04-18
[안방1열 직캠4K] 스테이씨 'ASAP' 풀캠 (STAYC Full Cam)│@SBS Inkigayo_2021.04.18.,스브스케이팝 / SBS KPOP,281531,2021-04-18
[K-Fancam] 스테이씨 재이 'ASAP' (STAYC J Fancam) l @MusicBank 210409,KBS Kpop,115345,2021-04-09
[자축라이브 4K] 👓 색안경도 벗어던지게 만든 1위 가수 STAYC(스테이씨)👍🏻,The K-POP,59977,2021-09-17
STACY(스테이씨) - 색안경(STEREOTYPE) 댄스커버🌈💕 #shorts #색안경 #스테이씨 / 독학/ 준경 JUN KYUNG 💕,준경 JUN KYUNG 💕,99,2021-10-01
스테이씨(STACY)-ASAP(에이셉) 설명읽어주세요. #Youtube채린,Youtube채린,559,2021-07-20
[ 타임랩스 ] 스테이씨 (STACY) 세은 그리기,민지공간,238,2021-05-04
STAYC - ASAP Piano Cover,DooPiano,72847,2021-05-01
[Live MR Removed | 라이브 엠알 제거] STAYC(스테이씨) _ STEREOTYPE(스테레오타입) @ 210917 KBS Music Bank,태형시,78964,2021-09-17
[K-Fancam] 스테이씨 윤 직캠 'ASAP + 색안경' (STAYC YOON Fancam) l @가요대축제 211217,KBS Kpop,23296,2021-12-20
스테이씨(STACY)-Asap COVER DANCE,최혜민,40,2021-05-02
1인커버 도연 ੈ✩　STACY(스테이씨) - 색안경 COVER,도연,166,2021-09-28
수민이의 Vlog | 수민이가 휴가를~?🐰 (휴가브이로그/포항/우리냥이들/콩이/비지/제주/초점less..),STAYC,166265,2021-12-03
스테이씨(STACY)-ASAP / 커버댄스 DANCE COVER / MAX DANCE STUDIO,MAX DANCE STUDIO,145,2021-05-06
[주간아 미방] 스테이씨(STAYC) 윤 '색안경(STEREOTYPE)' 직캠 l EP.528,ALL THE K-POP,63794,2021-09-08
[스테이씨 수민] 맏내의 생활애교 1시간 반복,[SWITH]스테이씨팬튜브,154,2021-07-22
STACY-ASAP (cover by taeyeon) 🌻 태연이가 커버한 스테이씨 언니들의 에이셉 ~ 💜,서윤,21,2021-11-18
STAYC (스테이씨) - 'I'LL BE THERE' Lyrics [Color Coded_Han_Rom_Eng],Zaty Farhani,60741,2021-09-06
[4K] 2020년 K-POP 띵곡 커버한 STAYC(스테이씨) | BLACKPINK BTS SKZ NCT | Cover Dance Medley | COUNTDANCE|카운트댄스,1theK Originals - 원더케이 오리지널,3353931,2020-11-24
[KPOP IN PUBLIC] STAYC (스테이씨) - ‘ASAP’ | Dance Cover by Ahyon Unit,Ahyon Unit,229483,2021-05-31
[스테이씨/색안경] 풍차춤의 비밀,백산수태이시,2763052,2021-09-13
STAYC(스테이씨) - ASAP (Music Bank) | KBS WORLD TV 210430,KBS WORLD TV,927541,2021-04-30
[Selahart] STACY (스테이씨) - ASAP 에이쎕 | Kpop Dance | Korean Veterans celebration 한국참전용사 축하공연,Selahart Group,16,2021-09-21
[세븐틴/승관 도겸] 뿌교수 케이팝 2. asap- stacy(스테이씨),삼븐틴,3716,2021-08-18
※돌침수련회 최초 전략 등장❗ 커버 장인들의 장기자랑 공개😎 | 돌들의 침묵 | STAYC (스테이씨) '색안경(STEREOTYPE)',MUPLY 뮤플리,661628,2021-09-09
[페이스캠4K] 스테이씨 시은 '색안경' (STAYC SIEUN 'STEREOTYPE' FaceCam)│@SBS Inkigayo_2021.09.26.,스브스케이팝 / SBS KPOP,31675,2021-09-28
Stacy (스테이씨) STEREOTYPE _TIK TOK Challenge,♡ SärängHäeyö ♡,10,2021-09-07
ㅣSTACY(스테이씨)-'색안경'(STEREOTYPE)🎉커버댄스Dance Cover🍭독학/10년생👧,꽃가은❤,3574,2021-11-02
스테이씨(STACY) - ASAP / KIDS DANCE 수업영상 / MAX DANCE STUDIO,MAX DANCE STUDIO,105,2021-05-13
스테이씨(STACY) - 색안경 (피아노 연습중😁❤) #shorts,숙경쓰 : piano cover,1064,2021-09-07
#스테이씨 #STACY #색안경 #STEREOTYPE 🎶🎶,jjin恋,266,2021-09-06
[예능연구소] 스테이씨 시은 직캠 'ASAP' (STAYC SIEUN FanCam) @Show!MusicCore 210417,MBCkpop,427583,2021-04-17
"[Karaoke] STAYC (스테이씨) ""STEREOTYPE"" (Color Coded Eng/Rom/Han/가사) (7 Members)",KGlow,40986,2021-09-07
STAYC (스테이씨) SO BAD (쏘 배드) 교차편집 (Stage Mix),SoulYeon솔연,2314119,2020-12-06
[페이스캠4K] 스테이씨 윤 'SO BAD' (STAYC YOON FaceCam)│@SBS Inkigayo_2020.11.22.,스브스케이팝 / SBS KPOP,378970,2020-11-26
STAYC Sieun | TWICE (트와이스) 'MORE & MORE' DANCE COVER,STAYC,1066584,2021-06-09
스테이씨 'ASAP' 뮤비를 보는 남녀 댄서의 반응 차이 | STAYC 'ASAP'' MV REACTION,ARTBEAT,276047,2021-04-09
STACY(스테이씨)-'ASAP'(에이셉)커버댄스🐰DANCE COVER/독학👩/10년생💝,꽃가은❤,905,2021-09-02
[COVER] STACY(스테이씨)- 색안경 (STEREOTYPE) cover,상처,151,2021-09-14
[랜덤 커버보컬팀 일비] STACY(스테이씨) - ASAP COVER,일비,188,2021-07-19
#스테이씨#asap#asap안무#커버댄스 ASAP-STACY( 스테이씨)ㅣMIRRORED DANCE커버댄스ㅣ거울모드,MIN H,1139,2021-05-14
스테이씨(STACY) ASAP,dancing윤,364,2021-05-01
[안방1열 직캠4K] 스테이씨 윤 'SO BAD' (STAYC YOON FanCam)│@SBS Inkigayo_2020.11.15.,스브스케이팝 / SBS KPOP,866269,2020-11-16
[KPOP IN PUBLIC] STAYC(스테이씨) - 'SO BAD' Dance Cover By N'CODE from Taiwan,N’ CODE,79731,2021-02-05
요즘 리즈 갱신중인 스테이씨 재이,늄늄,5916,2021-10-06
[STACY]스테이씨가 포켓몬이 된다면?,최장신박시은,3,2021-09-03
[K-Choreo 6k] 스테이씨 'SO BAD' (STAYC Choreography) l @MusicBank 201204,KBS Kpop,161742,2020-12-04
STACY(스테이씨)-'ASAP' Dance Cover #Shorts,케이트 KATE,3184,2021-04-08
STACY 스테이씨-ASAP 에이셉 | 댄스커버 Dance cover | 세렌디피티,세렌디피티 Serendifity,1656,2021-05-19
STAYC(스테이씨) 'SO BAD' Dance Practice,STAYC,2169763,2020-11-14
"Can Kpop Group finish the lyrics of BLACKPINK, TWICE & SKZ? l FLC l STAYC",ROLLING in K-POP,2044903,2021-04-25
[IU TV] 후배들 울린 MMA 썰 푼다.ssul,이지금 [IU Official],935580,2021-12-22
[페이스캠4K] 스테이씨 윤 '색안경' (STAYC YOON 'STEREOTYPE' FaceCam)│@SBS Inkigayo_2021.09.12.,스브스케이팝 / SBS KPOP,47656,2021-09-13
STAYC - Stereotype Piano Cover,DooPiano,51588,2021-09-07
[설명참고!!] 스테이씨(STACY)-색안경/커버댄스/11년생#shorts #11년생,FREEMINSEO_,825,2021-09-08
STAYC(스테이씨) - SO BAD 전곡 댄스커버(15:33) & 튜토리얼 거울모드 FULL DANCE COVER & MIRROR TUTORIAL,잇츠유림 It's U Limn,47706,2020-11-23
[中韓字幕 LIVE] STAYC (스테이씨) 'ASAP' Showcase Stage,林志文,4440,2021-04-08
[INST] STAYC (스테이씨) - 색안경 (STEREOTYPE),All VC,24422,2021-09-06
[ 스테이씨 / 수민 ] 과연 힘들까?,혜빈,68420,2021-10-10
[K-Fancam] 스테이씨 아이사 직캠 '색안경 (STEREOTYPE)' (STAYC ISA Fancam) l @MusicBank 210910,KBS Kpop,113082,2021-09-10
[스테이씨/STAYC] 스테이씨의 공식 팬덤명 발표!,온리챙,130918,2020-12-31
[K-Choreo 6k] 스테이씨 'SO BAD' (STAYC Choreography) l @MusicBank 201127,KBS Kpop,191217,2020-11-27
[스테이씨] 내 기준 짱테이씨 웃긴영상 모음 2 🐯,슽며들다,31939,2021-06-12
[K-Fancam] 스테이씨 아이사 'ASAP' (STAYC ISA Fancam) l @MusicBank 210409,KBS Kpop,277307,2021-04-09
#Shorts/ASAP/STACY/스테이씨/piano cover/K-pop,🌈Hellojiny헬로우지니💕,648,2021-05-28
"[LYRICS]STAYC(스테이씨)—Bang Bang cover (Original song by Jessie J, Ariana Grande, Nicki Minaj)",CHANNEL K,3361,2021-04-24
STACY(스테이씨)-ASAP 커버댄스(cover dance)/독학/07년생/거울모드/Mirro mode/KPOP dance/,춤추는고니[Dancing goni],3879,2021-05-11
[안방1열 직캠4K] 스테이씨 시은 '색안경' (STAYC SIEUN 'STEREOTYPE' FanCam)│@SBS Inkigayo_2021.09.19.,스브스케이팝 / SBS KPOP,39628,2021-09-20
STACY(스테이씨) ASAP(에이셉) 교차편집(Stage Mix),다나,273,2021-05-15
스테이씨 - 색안경(STACY - STEREOTYPE) | Drum cover [기면준] #shorts,기면준,1686,2021-09-06
주의⚠️색안경 끼고 보지 마세요⚠️ | STACY(스테이씨) 색안경(STEREOTYPE) | 독학 | 07년생 | 숙대입시 | #shorts | Kpop커버댄스 |,춤추는고니[Dancing goni],1614,2021-09-11
STAYC (스테이씨) - 색안경 (STEREOTYPE) [8D AUDIO] 🎧,Jimmy,4891,2021-09-07
ASIA ARTIST AWARDS 2021 | STAYC (스테이씨) _ STEREOTYPE + ASAP [AAA 2021],Music START!!,70643,2021-12-02
[MIRRORED] STAYC 스테이씨 - ASAP 안무 거울모드 | (SLOW) 느리게 거울모드,Ya Rin_야린,12732,2021-04-15
뜨거운 땡볕아래 STACY(스테이씨) -ASAP 커버 #shorts,찰떡콩떡커플[cc couple],2524,2021-10-27
10년생) STACY(스테이씨)-ASAP(에이셉) 커버댄스 #stacy#asap커버,little댄스,438,2021-06-16
STAYC Yoon | Red Velvet - IRENE & SEULGI '놀이 (Naughty)' DANCE COVER,STAYC,1456300,2021-06-16
[K-Fancam] 스테이씨 재이 직캠 'SO BAD' (STAYC J Fancam) l @MusicBank 201204,KBS Kpop,46643,2020-12-04
내 칭구칭긔와 STACY(스테이씨)-색안경(STEREOTYPE)| 07년생 | 독학 | 커버댄스 | #short | 💗 |,춤추는고니[Dancing goni],1896,2021-09-21
STAYC(스테이씨) - SLOW DOWN (Line Distribution),zaechi,10339,2021-09-09
STAYC Sumin | Olivia Rodrigo 'good 4 u' COVER,STAYC,753988,2021-06-23
스테이씨(STAYC) _ 'SO BAD' 한국어 가사  Lyrics,Be ri,3814,2020-11-29
[안방1열 직캠4K] 스테이씨 수민 'SO BAD' (STAYC SUMIN FanCam)│@SBS Inkigayo_2020.11.15.,스브스케이팝 / SBS KPOP,84998,2020-11-16
[스테이씨 윤] It's OK It's OK 걱정마 괜찮아 나중 일 나중에 고민해도 되잖아,[SWITH]스테이씨팬튜브,891,2021-07-19
"[ENG] 2021 AAA 기대되는 무대는? Ep.2 | Stray Kids, STAYC, Golden Child, Wonho(스트레이키즈 스테이씨 골든차일드 원호 우주소녀 킹덤)",STARNEWS KOREA,69176,2021-12-24
[오마이걸] 오마이걸 스테이씨언급 그리고 정희 생방을 본 스테이씨ㅋㅋㅋㅋ,므므의죠디가드,9335,2021-05-19
ASEP 에이쎕 STACY 스테이씨 Dance Cover 이로초 방송댄스,yuliana kim,80,2021-11-23
[안방1열 직캠4K] 스테이씨 시은 'SO BAD' (STAYC SIEUN FanCam)│@SBS Inkigayo_2020.11.29.,스브스케이팝 / SBS KPOP,160285,2020-12-03
REDVELVET & 태연이 롤모델인 완벽 비주얼 신인! 스테이씨 윤ㅣNaughtyㅣFineㅣRole Model Cover VS,1theK Originals - 원더케이 오리지널,332184,2021-04-23
스테이씨-색안경 첫 앨범깡 [STACY-STEREOTYPE First album unboxsing,하이니,52,2021-11-02
STAY C (스테이씨) - ASAP FULL DANCE COVER 안무 커버댄스 거울모드 (Mirrored),GREAPA X CHERRI,175044,2021-04-10
스테이씨- 색안경 challenge #stacy #stereotype #색안경,무아뜨 MUAH's,660,2021-09-09
[AB] 스테이씨 STAYC - ASAP | 커버댄스 Dance Cover,ARTBEAT,452344,2021-04-18
STAYC 스테이씨 STEREOTYPE 색안경 / Acoustic ver. COVER by Vanilla Mousse,keiz music,13078,2021-09-07
[K-Fancam] 스테이씨 수민 'ASAP' (STAYC SUMIN Fancam) l @MusicBank 210416,KBS Kpop,52502,2021-04-16
STAYC (스테이씨) - 'STEREOTYPE' (색안경) Lyrics [Color Coded_Han_Rom_Eng],Zaty Farhani,756295,2021-09-06
옥상에서 꾹꾹이춤추기/STACY(스테이씨)-ASAP 챌린지 /커버댄스/대학생/독학,Jane제인is,12564,2021-04-18
[ENG/JPN] 오마이걸 지호+스테이씨 시은⁉️ 무쌍 아이돌 메이크업 | 지호 메이크업 | 무쌍 눈화장 | 스테이씨 시은 메이크업 | 一重メイク | 재유JEYU,재유JEYU,126450,2021-05-03
STAYC(스테이씨/수민) 🐰막 하지마 수민아🐰,STAYC SWITH,9053,2021-12-20
HONEST REACTION to STAYC(스테이씨) 'ASAP' MV,Aaron Freeman,41948,2021-04-10
