,제목,업로더,조회수,게시일
0,[MV] STAYC(스테이씨) - ASAP,1theK (원더케이),"조회수 11,369,112회",2021. 4. 8.
1,[MV] STAYC(스테이씨) _ STEREOTYPE(색안경),1theK (원더케이),"조회수 6,600,580회",2021. 9. 6.
2,STAYC STEREOTYPE Lyrics (스테이씨 색안경 가사) [Color Coded Lyrics/Han/Rom/Eng],Lemoring,"조회수 2,531,870회",2021. 9. 6.
3,STAYC (스테이씨) PLAYLIST 2021 (ALL SONGS) | 스테이씨 노래 모음,LQ KPOP,"조회수 275,439회",2021. 9. 6.
4,STAYC(스테이씨) '색안경 (STEREOTYPE)' Dance Practice,STAYC,"조회수 3,396,279회",2021. 9. 7.
5,"[4K] STAYC 가 부르는 빌보드, 스포티파이, 멜론 전세계 음악 차트 씹어 먹은 히트곡 메들리 | BTS Justin Biber Ed Sheeran | 스테이씨 | W.W.C",1theK Originals - 원더케이 오리지널,"조회수 1,226,270회",2021. 9. 24.
6,STAYC 'ASAP' Lyrics (스테이씨 ASAP 가사) (Color Coded Lyrics),Jaeguchi,"조회수 6,322,874회",2021. 4. 8.
7,STAYC (스테이씨) - STEREOTYPE (1 Hour) Lyrics | 1시간,Sad Night,"조회수 109,084회",2021. 9. 6.
8,색안경 (STEREOTYPE) - STAYC (스테이씨) [뮤직뱅크/Music Bank] | KBS 210910 방송,KBS Kpop,"조회수 1,287,910회",2021. 9. 10.
9,[MV] STAYC (스테이씨) _ SO BAD,1theK (원더케이),"조회수 8,798,650회",2020. 11. 12.
10,STAYC 'SO BAD' Lyrics (스테이씨 SO BAD 가사) (Color Coded Lyrics),Jaeguchi,"조회수 2,575,675회",2020. 11. 12.
11,"[LIVE] STAYC - Bang Bang (Jessie J, Ariana Grande, Nicki Minaj) / 전효성의 꿈꾸는 라디오 / MBC 210420 방송",MBC Radio봉춘라디오,"조회수 434,942회",2021. 4. 21.
12,STAYC (스테이씨) ASAP (에이셉) 교차편집 (Stage Mix),SoulYeon솔연,"조회수 10,215,353회",2021. 4. 25.
13,STAYC(스테이씨) 'I'll BE THERE' Live Clip,STAYC,"조회수 508,801회",2021. 10. 13.
14,STAYC(스테이씨) 'SO WHAT' Dance Practice,STAYC,"조회수 667,177회",2021. 5. 12.
15,STAYC (스테이씨) - 'SO WHAT' Lyrics [Color Coded_Han_Rom_Eng],Zaty Farhani,"조회수 480,620회",2021. 4. 8.
16,STAYC (스테이씨) 'SO BAD' 교차편집 (Stage Mix),호구마 HOGUMA,"조회수 2,571,684회",2020. 12. 22.
17,(ENG) 앞머리를 컨실러로 염색한다고? 스테이씨(STAYC) 친구들아 이거 정말 유행이야?ㅠ / [문명특급 EP.208],문명특급 - MMTG,"조회수 1,799,618회",최초 공개: 2021. 9. 2.
18,STAYC(스테이씨) 'LIKE THIS' Performance Ver.,STAYC,"조회수 1,936,318회",2020. 11. 15.
19,[STACY] 스테이씨 시그니처 사운드 모음 (데뷔~지금까지),비비에스마다몬아돈닏노라잍투쌰인,"조회수 940,131회",2021. 9. 6.
20,오늘 아이돌등판은 싸움인가? 스테이씨우먼파이터! 스테이씨 서열 1위는 나야! | 색안경 | STAYC _ STEREOTYPE | IDDP | 윤 시은 세은 아이사 재이 수민,1theK Originals - 원더케이 오리지널,"조회수 1,371,373회",최초 공개: 2021. 9. 6.
21,[4K] 스테이씨(STAYC) - “색안경(STEREOTYPE)” Band LIVE Concert │스테이씨는 케이팝을 찢어 [it’s KPOP LIVE 잇츠라이브],it's Live,"조회수 1,784,099회",최초 공개: 2021. 9. 6.
22,STAYC(스테이씨) [STEREOTYPE] Concept Trailer,STAYC,"조회수 3,761,413회",2021. 9. 1.
23,[스테이씨STACY] 자꾸 넘어지는 말랑복숭아 윤센❤️,스윗인데 문제있나?,조회수 69회,2021. 12. 20.
24,꾹꾹이춤🐾 STACY(스테이씨)-asap(에이셉)~(˘▾˘~),로렌 Loren,"조회수 12,153회",2021. 6. 27.
25,힘 내!(Way To Go)(원곡 :소녀시대) - STAYC(스테이씨) [뮤직뱅크/Music Bank] | KBS 210108 방송,KBS Kpop,"조회수 1,468,426회",2021. 1. 8.
26,스테이씨의 문여는법 [STACY_스윗],위팃Wi,조회수 7회,2021. 12. 26.
27,STAYC(스테이씨)의 “ASAP(에이셉)” Band Live Ver. │돌아온 짱테이씨의 청량한 틴프레시 에너지💕 [it’s KPOP LIVE 잇츠라이브],it's Live,"조회수 2,851,613회",최초 공개: 2021. 4. 23.
28,MAFIADANCE (마피아댄스)🔥파이트❗스테이씨 우먼 파이터🔥,dingo global DGG,"조회수 1,288,562회",2021. 9. 13.
29,STAYC(스테이씨) - STEREOTYPE(색안경) @인기가요 inkigayo 20211003,스브스케이팝 / SBS KPOP,"조회수 1,059,604회",2021. 10. 3.
30,STAYC(스테이씨) 'ASAP' Dance Practice,STAYC,"조회수 5,072,157회",2021. 4. 10.
31,"STAYC 스테이씨 "" I'LL BE THERE "" Lyrics (ColorCoded/ENG/HAN/ROM/가사)",Puno Autopop,"조회수 148,933회",2021. 9. 6.
32,STAYC(스테이씨) - 힘내!(Way to go) (Music Bank) | KBS WORLD TV 210108,KBS WORLD TV,"조회수 186,993회",2021. 1. 8.
33,STAYC(스테이씨) '색안경 (STEREOTYPE)' (교차편집 Stage Mix),idol studio,"조회수 1,209,972회",2021. 9. 15.
34,"스테이씨(STAYC), ‘색안경(STEREOTYPE) (Remixed by Prime Time)’ㅣ2021 SBS 가요대전(2021sbsgayo)ㅣSBS ENTER.",SBS Entertainment,"조회수 177,339회",2021. 12. 25.
35,"스테이씨(STAYC), 톡톡 튀는 ‘ASAP (Remixed by Prime Time)’ 무대ㅣ2021 SBS 가요대전(2021sbsgayo)ㅣSBS ENTER.",SBS Entertainment,"조회수 114,021회",2021. 12. 25.
36,STAYC J | Dua Lipa 'Don't Start Now' COVER,STAYC,"조회수 979,295회",2021. 7. 16.
37,[릴레이댄스] STAYC(스테이씨) - ASAP (4K),M2,"조회수 5,945,844회",2021. 4. 12.
38,[릴레이댄스 어게인] STAYC(스테이씨) - OOH-AHH하게(Like OOH-AHH) (Original song by. TWICE) (4K),M2,"조회수 1,823,614회",2021. 4. 24.
39,STAYC(스테이씨) - STEREOTYPE(색안경) @인기가요 inkigayo 20210919,스브스케이팝 / SBS KPOP,"조회수 469,434회",2021. 9. 19.
40,원더케이 수상하군! 호캉스를 꿈꾸는 STAYC에게 주어진 ㄴ상상도 못한 휴가ㄱ | 스테이케이션 EP.1 | STAYCATION | STAYC(스테이씨),1theK Originals - 원더케이 오리지널,"조회수 995,328회",2021. 4. 22.
41,"STAYC, THE SHOW CHOICE! [THE SHOW 210914]",The K-POP,"조회수 516,341회",2021. 9. 14.
42,"STAYC, SLOW DOWN (스테이씨, SLOW DOWN) [THE SHOW 210914]",The K-POP,"조회수 273,143회",2021. 9. 14.
43,[세븐틴/승관 도겸] 뿌교수 케이팝 2. asap- stacy(스테이씨),삼븐틴,"조회수 3,719회",2021. 8. 18.
44,SO WHAT - STAYC(스테이씨) [뮤직뱅크/Music Bank] | KBS 210507 방송,KBS Kpop,"조회수 182,753회",2021. 5. 7.
45,"STAYC, SO WHAT (스테이씨, SO WHAT) [THE SHOW 210413]",The K-POP,"조회수 588,286회",2021. 4. 13.
46,[4K] 2020년 K-POP 띵곡 커버한 STAYC(스테이씨) | BLACKPINK BTS SKZ NCT | Cover Dance Medley | COUNTDANCE|카운트댄스,1theK Originals - 원더케이 오리지널,"조회수 3,354,407회",2020. 11. 24.
47,STAYC | Doja Cat 'Kiss Me More' COVER,STAYC,"조회수 3,323,984회",2021. 6. 8.
48,STAYC(스테이씨) - STEREOTYPE(색안경) @인기가요 inkigayo 20210912,스브스케이팝 / SBS KPOP,"조회수 751,680회",2021. 9. 12.
49,STAYC스테이씨 'SO BAD' MV reaction,Differently Alike,"조회수 56,599회",2020. 12. 30.
50,STAYC(스테이씨) 🔥'SO BAD'🔥 MV Reaction,STAYC,"조회수 736,356회",2020. 11. 19.
51,스테이씨(STACY) 색안경(STEREOTYPE) 교차편집(Stage Mix),다나,조회수 150회,2021. 11. 28.
52,[FULL] 짱테이씨(STAYC)는 케이팝을 찢어✨스테이씨✨ 수민·시은·윤·재이🥰 / 정오의 희망곡 김신영입니다 / MBC 210916 방송,MBC Radio봉춘라디오,"조회수 16,766회",실시간 스트리밍 시작일: 2021. 9. 16.
53,"[쇼! 음악중심] 스테이씨 - 쏘 왓 (STAYC - SO WHAT), MBC 210508 방송",MBCkpop,"조회수 101,014회",2021. 5. 8.
54,STAYC(스테이씨) [STEREOTYPE] Album UNBOXING,STAYC,"조회수 233,084회",2021. 9. 8.
55,[ENG/IDN] 슈.퍼.루.키. 스테이씨(STAYC) 흥망진창 뒤집고 간 현장⭐내 내 내 머리 머리🤔 내 머릿속이 STAYC (스테이씨)로 가득해💖 - 팩트iN스타,팩트iN스타 Fact iN Star,"조회수 335,231회",2020. 12. 11.
56,STAYC(스테이씨) 'ASAP' (교차편집 Stage Mix),idol studio,"조회수 1,368,120회",2021. 4. 15.
57,[ENG SUB] 안녕하세요 우리는 짱테이씨입니다. | 아이돌 인간극장 - 스테이씨편,KBS Kpop,"조회수 259,589회",최초 공개: 2021. 9. 11.
58,STAYC(스테이씨) - So bad / 2021 울산서머페스티벌,울산MBC_뮤직,"조회수 270,597회",2021. 9. 7.
59,STAYC(스테이씨) 'SO WHAT' Live Clip,STAYC,"조회수 748,359회",2021. 4. 27.
60,[교차편집] STAYC(스테이씨) - 색안경(STEREOTYPE) / Stage Mix,나옹,"조회수 134,455회",2021. 10. 9.
61,STAYC (스테이씨) SO WHAT (쏘 왓) 교차편집 (Stage Mix),SoulYeon솔연,"조회수 993,426회",2021. 5. 10.
62,*최초* 스테이씨 전원 폭풍 오열하게 만든 신인개발팀의 마지막 수업은? | 1theK 신인개발팀 | 1theK Hard Training Team,1theK Originals - 원더케이 오리지널,"조회수 729,111회",2020. 12. 10.
63,[ 스테이씨/ stacy ] 경력직 신입의 가소로운 표정,MY IDOL,조회수 976회,2021. 10. 21.
64,"[쇼! 음악중심] 스테이씨 - 색안경 (STAYC - STEREOTYPE), MBC 210925 방송",MBCkpop,"조회수 357,405회",2021. 9. 25.
65,(ENG SUB)[MusicBank Interview Cam] 스테이씨 (STAYC Interview)l @MusicBank KBS 210910,KBS Kpop,"조회수 191,441회",2021. 9. 10.
66,STAYC (스테이씨) - LIKE THIS 교차편집 (Stage Mix),고양이JIU,"조회수 369,750회",2020. 12. 1.
67,쿨룩 LIVE ▷ 스테이씨(STAYC) ‘색안경(STEREOTYPE)' /[Day6의 키스 더 라디오] l kbs 210910 방송,KBS CoolFM,"조회수 461,887회",2021. 9. 10.
68,색안경 (STEREOTYPE) - STAYC (스테이씨) [뮤직뱅크/Music Bank] | KBS 210917 방송,KBS Kpop,"조회수 229,202회",2021. 9. 17.
69,[4K] 스테이씨(STACY) - 색안경(STEREOTYPE) 교차편집 (stage mix),채율,조회수 72회,2021. 11. 6.
70,[4K] 색안경 부수고 퇴폐미 장착한 스테이씨의 느와르 퍼포먼스 | Doja Cat | Boss B*tch | STAYC | Choreography | STAGE BREAK,1theK Originals - 원더케이 오리지널,"조회수 1,129,094회",2021. 9. 30.
71,"(ENG sub) STAYC(스테이씨) - 색안경(STEREOTYPE), ASAP [World is One 2021 CONCERT - 화제의 무대 다시보기]",MBCkpop,"조회수 405,946회",2021. 11. 7.
72,"STAYC, STEREOTYPE (스테이씨, 색안경) [THE SHOW 210928]",The K-POP,"조회수 566,284회",2021. 9. 28.
73,스윗Logㅣ스테이씨 색안경 앨범깡ㅣSTACY,유나,조회수 78회,2021. 10. 23.
74,STAYC(스테이씨) - STEREOTYPE(색안경) (Music Bank) l KBS WORLD TV 210917,KBS WORLD TV,"조회수 223,488회",2021. 9. 17.
75,[FM/V] 스테이씨 STACY 사랑은 원래 이렇게 아픈 건가요,루비,"조회수 1,140회",2021. 4. 8.
76,쿨룩 LIVE ▷스테이씨(STAYC) ‘I'll BE THERE’ /[Day6의 키스 더 라디오] l kbs 210910 방송,KBS CoolFM,"조회수 88,851회",2021. 9. 10.
77,💕스테이씨{STACY}소개서와 매세지💕,💖스테이씨_팬계정 STACY💖,조회수 11회,2021. 11. 16.
78,STAYC(스테이씨)의 “사랑은 원래 이렇게 아픈 건가요(LOVE FOOL)” Band Live Ver.│누가 울 짱테이씨 아프게 했냐!! [it’s KPOP LIVE 잇츠라이브],it's Live,"조회수 422,787회",최초 공개: 2021. 4. 23.
79,스테이씨 asap stacy 꾹꾹이춤 챌린지,오징어,"조회수 1,426회",2021. 7. 22.
80,COMPLEX (COMPLEX),STAYC,"조회수 687,103회",2021. 9. 6.
81,STAYC 'COMPLEX' Lyrics (Color Coded Lyrics Eng/Rom/Han) (스테이씨 COMPLEX 가사),kyungwoo,"조회수 9,717회",2021. 9. 6.
82,STACY(스테이씨)-'색안경'(STEREOTYPE) 커버댄스 Dance Cover/독학/10년생,신성연 sungyeon,"조회수 8,739회",2021. 9. 11.
83,"[4K] [MIC in the SCENE] STAYC 스테이씨 - 색안경(STEREOTYPE) 라이브 LIVEㅣ윤, 아이사, 세은, 시은, 재이, 수민 마이크인더씬",노래는 듣고 다니냐 NORAE-ing,"조회수 1,142,346회",2021. 9. 7.
84,[K-Choreo 8k] 스테이씨 직캠 '힘 내! (Way to go)' (원곡:소녀시대) (STAYC Choreography) l @MusicBank 210108,KBS Kpop,"조회수 697,708회",2021. 1. 8.
85,색안경 (STEREOTYPE) - STAYC (스테이씨) [뮤직뱅크/Music Bank] | KBS 210924 방송,KBS Kpop,"조회수 294,763회",2021. 9. 24.
86,STAYC(스테이씨) '색안경 (STEREOTYPE)' Live Clip,STAYC,"조회수 450,844회",2021. 9. 14.
87,[TJ노래방] 색안경(STEREOTYPE) - STAYC(스테이씨) / TJ Karaoke,TJ KARAOKE TJ 노래방 공식 유튜브채널,"조회수 512,370회",2021. 9. 9.
88,STAYC가 부르는 STAY,크크동,"조회수 373,120회",2021. 9. 26.
89,"STAYC, LIKE THIS (스테이씨, LIKE THIS) [THE SHOW 201117]",The K-POP,"조회수 237,997회",2020. 11. 17.
90,[4D Lable] 스테이씨(STACY) - ASAP(에이셉) / Dance Cover / Jihyun_4D Lable Instructor,4D Lable _ kidsindance.4ddance,"조회수 1,448회",2021. 5. 5.
91,[K-Choreo 6k] 스테이씨 'ASAP' (STAYC Choreography) l @MusicBank 210409,KBS Kpop,"조회수 720,152회",2021. 4. 9.
92,"[쇼! 음악중심] 스테이씨 - I'll BE THERE (STAYC - I'll BE THERE), MBC 211002 방송",MBCkpop,"조회수 54,671회",2021. 10. 2.
93,※배고픔주의※ 먹고 또 먹고... 촌캉스에서 즐기는 STAYC만을 위한 풀코스(?) 파티🍖 | 스테이케이션 EP.2 | STAYCATION | STAYC(스테이씨),1theK Originals - 원더케이 오리지널,"조회수 779,963회",2021. 4. 29.
94,[4K] STAYC (스테이씨) 색안경 (STEREOTYPE) 교차편집 (Stage Mix),SoulYeon솔연,"조회수 662,018회",2021. 9. 27.
95,🌕추석특집🌕 슽자매들 | 스테이씨 진짜 다 예쁘고 잘하는 것 같아 그치?,STAYC,"조회수 144,945회",2021. 9. 21.
96,STAYC(스테이씨) [STEREOTYPE] Preview #3 Choreography,STAYC,"조회수 1,102,770회",2021. 9. 2.
97,STAYC - Friends [유희열의 스케치북/You Heeyeol’s Sketchbook] | KBS 210910 방송,KBS Kpop,"조회수 254,277회",2021. 9. 11.
98,STEREOTYPE Practice VLOG #1,STAYC,"조회수 320,916회",2021. 9. 28.
99,[주간아 미방] 스테이씨(STAYC)의 '색안경(STEREOTYPE)'♬ l EP.528,ALL THE K-POP,"조회수 774,020회",2021. 9. 8.
100,[4K] 스테이씨(STAYC) - “I’ll be there” Band LIVE Concert │ 짱테이씨의 수록곡 밴드라이브💖 [it’s KPOP LIVE 잇츠라이브],it's Live,"조회수 334,967회",최초 공개: 2021. 9. 10.
101,STAYC(스테이씨) - SO WHAT @인기가요 inkigayo 20210509,스브스케이팝 / SBS KPOP,"조회수 70,463회",2021. 5. 9.
102,STAYC - STEREOTYPE (스테이씨 - 색안경) | Show Champion | EP.410,ALL THE K-POP,"조회수 172,347회",2021. 9. 22.
103,SLOW DOWN (SLOW DOWN),STAYC,"조회수 1,171,824회",2021. 9. 6.
104,"STAYC 스테이씨 "" SLOW DOWN "" Lyrics (ColorCoded/ENG/HAN/ROM/가사)",Puno Autopop,"조회수 90,416회",2021. 9. 6.
105,STAYC(스테이씨) - ASAP @인기가요 inkigayo 20210411,스브스케이팝 / SBS KPOP,"조회수 750,780회",2021. 4. 11.
106,[1hour loop] STAYC - SO BAD (스테이씨 소배드 1시간 반복),녹,"조회수 13,637회",2021. 3. 13.
107,[#채키타카] 짱테이씨의 단톡방은 나노단위로 💥케미폭발💥| 채키타카 ep.3 | CHEKITAKA | STAYC(스테이씨),Studio FLO 스튜디오 플로,"조회수 383,876회",2021. 9. 29.
108,[덕질캡처용♥CLEAN] 스테이씨 - 색안경 (STAYC - STEREOTYPE)┃#쇼챔피언┃EP.410,ALL THE K-POP,"조회수 30,122회",2021. 10. 1.
109,[STAYC]스테이씨 so what 1시간,희진은 너무 귀엽 츄CHU,"조회수 16,696회",2021. 9. 3.
110,스테이씨 (stacy) - 에이쌥 ASAP 꾹꾹이춤 #shorts,형욱스 daily,조회수 214회,2021. 8. 22.
111,[STAY:SEE👀] #23 '색안경 (STEREOTYPE)' Recording Behind,STAYC,"조회수 556,730회",2021. 10. 1.
112,STAYC(스테이씨) - ASAP+색안경 [2021 KBS 가요대축제] | KBS 211217 방송,KBS Kpop,"조회수 143,782회",2021. 12. 17.
113,STAYC(스테이씨) SO BAD (Unplugged Ver.) Stage Cut │ 짱테이씨의 쏘밷 언플러그드 버전 무대 다시보기! [it's KPOP LIVE 잇츠라이브],it's Live,"조회수 906,233회",2021. 1. 27.
114,스테이씨-그널💘 | Sumin & J,STAYC,"조회수 86,544회",2021. 2. 5.
115,[COVER] 스테이씨(STACY) – ASAP,나원,조회수 511회,2021. 4. 17.
116,스테이씨 '색안경' 뮤비를 보는 남녀 댄서의 반응 차이 | STAYC 'STEREOTYPE'' MV REACTION,ARTBEAT,"조회수 136,777회",2021. 9. 7.
117,[스테이씨 STACY] 재이의 사다리,스윗한 스윗,조회수 17회,2021. 10. 18.
118,[스테이씨] 스테이씨 뱅뱅 고음,스테이숨,"조회수 1,038,624회",2021. 4. 20.
119,STAYC(스테이씨 ステイシー) - ASAP + STEREOTYPE (색안경) (2021 KBS Song Festival) I KBS WORLD TV 211217,KBS WORLD TV,"조회수 785,802회",2021. 12. 17.
120,STAYC (스테이씨) - SO BAD「Audio」,LQ KPOP,"조회수 39,054회",2020. 11. 12.
121,스테이씨 STACY - 색안경 STEREOTYPE Cover by LECHAT,lechat 르샤,"조회수 2,380회",2021. 10. 12.
122,[K-Choreo 8K] 스테이씨 직캠 'ASAP + 색안경(STEREOTYPE)' (STAYC Choreography) l @가요대축제 211217,KBS Kpop,"조회수 94,630회",2021. 12. 18.
123,[스테이씨◡̈] 윤세은 귀여워 🥴 #STACY #스테이씨 #세은,빛센니,"조회수 2,011회",2021. 3. 1.
124,"STAYC, SO BAD (스테이씨, SO BAD) [THE SHOW 201124]",The K-POP,"조회수 387,681회",2020. 11. 24.
125,STACY(스테이씨) - 색안경(STEREOTYPE) / Line Distribution + Lyrics (파트분배 + 가사),G_MUSIC,조회수 131회,2021. 9. 11.
126,STACY(스테이씨) - ‘색안경(STEREOTYPE)’ cover by adorable | 마산무학여자중학교 댄스부 | kpop dance cover,Adorable어도러블,"조회수 2,451회",2021. 11. 6.
127,[4K]❤️비주얼+퍼포먼스+보컬 모두 갓벽하다는❤️STAYC(스테이씨)-ASAPㅣ세로라이브ㅣSERO LIVEㅣ딩고뮤직ㅣDingo Music,딩고 뮤직 / dingo music,"조회수 1,067,095회",2021. 4. 13.
128,STAYC(스테이씨) 'SO BAD' Dance Practice,STAYC,"조회수 2,170,499회",2020. 11. 14.
129,[랜덤플레이댄스FULL] 짱테이씨가 짱.테.이.씨 했다♥ 잘해도 너무 잘해 우린 스테이씬걸♡ l 스테이씨(STAYC) l RandomPlayDance,ALL THE K-POP,"조회수 433,548회",2021. 9. 9.
130,[MIRRORED] 4K STAYC (스테이씨) - 'ASAP (에이셉)' Dance Practice (안무연습 거울모드),DeAnime Kpop,"조회수 1,366,083회",2021. 4. 11.
131,두 장은 아쉬워서 한 장만 더 사보는 스테이씨(STACY) ASAP 앨범깡로그,얌얌굿 YUMYUMGOOD,조회수 356회,2021. 5. 12.
132,[스테이씨STACY] 백신맞은 언니즈 01,스윗인데 문제있나?,조회수 10회,2021. 12. 20.
133,[스테이씨◡̈] 너 시은 언니 싫어하지? #STACY #스테이씨 #윤 #시은,빛센니,"조회수 1,323회",2021. 3. 5.
134,집에서 부르는 스테이씨(STACY)-색안경(STEREOTYPE) 커버(cover) 라이브 #shorts,팔지,조회수 228회,2021. 9. 17.
135,[Show Champion] [HOT DEBUT] 스테이씨 - SO BAD (STAYC - SO BAD) l EP.379,ALL THE K-POP,"조회수 300,016회",2020. 11. 18.
136,STAYC(스테이씨) - SO BAD @인기가요 inkigayo 20201122,스브스케이팝 / SBS KPOP,"조회수 897,080회",2020. 11. 22.
137,좋은 노래 + 좋은 노래=💖 STAYC 'ASAP+색안경' (STEREOTYPE) [유희열의 스케치북/You Heeyeol’s Sketchbook] | KBS 210910 방송,KBS Kpop,"조회수 680,746회",2021. 9. 11.
138,스테이씨(STACY) - ASAP #shorts #stayc #dancecover,유메츄리,"조회수 1,158회",2021. 5. 30.
139,"STAYC, STEREOTYPE (스테이씨, 색안경) [THE SHOW 210914]",The K-POP,"조회수 581,632회",2021. 9. 14.
140,[STAYC] IU 만났을 때 울은 스테이씨 시은|SIEUN cried when she met IU| 蒔恩見到IU哭了,아이사탕~ SWITH CANDY,"조회수 76,638회",2021. 12. 22.
141,스테이씨 (STAYC) 대박신인이 나타났다! 대형소속사를 이길 초특급 걸그룹이라고? (Eng CC) (हिन्दी CC),Doyouram - Everyday K-Culture,"조회수 118,503회",2020. 11. 23.
142,스테이씨 색안경 교차편집 : STACY,LV,조회수 70회,2021. 9. 28.
143,STACY(스테이씨) 시은 - 연핑크 염색 (댓글로 신청받아요 ʕ”̮ॽुෆ⃛ ),사각 사각,"조회수 2,299회",2021. 5. 26.
144,LOVE FOOL (사랑은 원래 이렇게 아픈 건가요),STAYC,"조회수 1,378,860회",2021. 4. 8.
145,STAYC (스테이씨) - 'LOVE FOOL' (사랑은 원래 이렇게 아픈 건가요) Lyrics [Color Coded_Han_Rom_Eng],Zaty Farhani,"조회수 169,365회",2021. 4. 8.
146,색안경 | STEREOTYPE | ￼￼￼스테이씨 | STACY | 교차편집,라욤{꒰◍ˊ◡ˋ꒱},조회수 52회,2021. 10. 27.
147,데뷔부터 완성형이었던 ✨STAYC✨ 색안경👓끼고 봐도 아름다운🎆 무대 모아보기❤ (Stage Compilation) | #소장각 | 뮤직뱅크 [KBS 방송],KBS StarTV: 인물사전,"조회수 101,332회",최초 공개: 2021. 9. 10.
148,[스테이씨STACY 시은] 내 생각으로 씬니 좋은노래,스윗인데 문제있나?,조회수 18회,2021. 12. 20.
149,세경씨.. 아니 스테이씨 그렇게 안 봤는데 정말 재밌는 사람이네👀 찐케미로 유잼 포인트도 꾹꾹 눌러버림~! [빅픽쳐] 스테이씨 STAYC | ENG SUB,오락실 팡 Arcade Pang,"조회수 195,523회",최초 공개: 2021. 9. 11.
150,[스테이씨 시은] ASAP 내 반쪽 아니 완전 copy,[SWITH]스테이씨팬튜브,"조회수 1,945회",2021. 7. 11.
151,STAYC(스테이씨) 색안경(STEREOTYPE) Stage 🍊💋 | 1st Mini Album ‘STEREOTYPE' Media Showcase (미디어 쇼케이스),Vstar,"조회수 303,636회",2021. 9. 6.
152,[제페토/Zepeto] 색안경챌린지 Stereotype - 스테이씨 Stacy,ZPT 설아,"조회수 1,477회",2021. 9. 26.
153,STAYC(스테이씨) '사랑은 원래 이렇게 아픈 건가요' Live Clip,STAYC,"조회수 318,271회",2021. 5. 18.
154,[4K] BLACKPINK & EXO & TWICE 아이돌 계보를 이을 STAYC의 추억여행 | 스테이씨 | Dance Cover | 우리가 사랑한 노래 | Our Beloved,1theK Originals - 원더케이 오리지널,"조회수 2,752,707회",2020. 11. 4.
155,[타이포 그래피] STACY(스테이씨) - ASAP,Neyrin[네이린],조회수 253회,2021. 9. 1.
156,[Full Album] STAYC (스테이씨) - STAYDOM,LQ KPOP,"조회수 100,828회",2021. 4. 8.
157,STAYC(스테이씨) '색안경 (STEREOTYPE)' MV Teaser,STAYC,"조회수 1,619,075회",2021. 9. 5.
158,STACY(스테이씨) 색안경 (STEREOTYPE) (교차편집 Stage Mix),교차편집,조회수 182회,2021. 10. 18.
159,[2021 가요대전 4K] 스테이씨 '색안경+ASAP' 풀캠 (STAYC 'STEREOTYPE+ASAP' Full Cam)│@SBS Gayo Daejeon_2021.12.25.,스브스케이팝 / SBS KPOP,"조회수 243,815회",2021. 12. 25.
160,색안경 스테이씨 STACY Dance Cover 이로초,yuliana kim,조회수 119회,2021. 11. 30.
161,STAYC(스테이씨) '색안경 (STEREOTYPE)' MV REACTION,GZBKarma,"조회수 83,823회",2021. 9. 6.
162,🎶너를 기↗다리고 있을게🤣 | 가을운동회🍂 EP.1,STAYC,"조회수 196,439회",2021. 10. 15.
163,색안경 (STEREOTYPE) - STAYC (스테이씨) [뮤직뱅크/Music Bank] | KBS 211001 방송,KBS Kpop,"조회수 411,267회",2021. 10. 1.
164,[스테이씨] 윤(심자윤) 입덕영상 ~ [STAYC] YOON ~ Joining a Fandom!!!,등더리 테레비,"조회수 95,340회",2020. 12. 9.
165,"STAYC, SO BAD (스테이씨, SO BAD) [THE SHOW 201117]",The K-POP,"조회수 452,786회",2020. 11. 17.
166,[4D Lable] 일요 3시 베이직반 / Stacy (스테이씨) - Asap /수업스케치,4D Lable _ kidsindance.4ddance,"조회수 1,688회",2021. 7. 9.
167,[K-Choreo 8k] 스테이씨 직캠 '색안경 (STEREOTYPE)' (STAYC Choreography) l @MusicBank 210910,KBS Kpop,"조회수 336,075회",2021. 9. 10.
168,ASAP - STACY (Dance Cover) 에이셉 - 스테이씨,Gam Jatang,조회수 234회,2021. 7. 9.
169,Stacy(스테이씨)-ASAP (Audio spectrum),Soft Cloud,조회수 9회,2021. 6. 28.
170,[4K] 역대급 컨셉으로 재현한 STAYC의 본능을 깨우는 파워풀 퍼포먼스 | 16 Shots | Camila | 스테이씨 | Choreography | STAGE BREAK,1theK Originals - 원더케이 오리지널,"조회수 1,746,210회",2021. 4. 19.
171,친구들이랑~ 스테이씨(stacy)에이셉,또또미TV,조회수 14회,2021. 12. 22.
172,09년생이 추는 STAYC [스테이씨] - STEREOTYPE [색안경]#shorts Cover by 사랑(Sa_Rang)｜클레버TV,Clevr TV [클레버티비],"조회수 316,755회",2021. 9. 12.
173,STACY(스테이씨) - ASAP ｜PIANO COVER,GMPSound_밍구,조회수 143회,2021. 6. 26.
174,ASAP - STAYC(스테이씨) [뮤직뱅크/Music Bank] | KBS 210416 방송,KBS Kpop,"조회수 1,669,288회",2021. 4. 16.
175,STAYC(스테이씨) - SO BAD @인기가요 inkigayo 20201115,스브스케이팝 / SBS KPOP,"조회수 1,311,915회",2020. 11. 15.
176,[MR Removed | 엠알 제거] STAYC(스테이씨) _ STEREOTYPE(스테레오타입) @ 210910 KBS Music Bank,태형시,"조회수 48,491회",2021. 9. 10.
177,[TJ노래방] ASAP - STAYC(스테이씨) / TJ Karaoke,TJ KARAOKE TJ 노래방 공식 유튜브채널,"조회수 699,742회",2021. 4. 16.
178,STACY(스테이씨)-'ASAP'(에이셉) 커버댄스 DANCE COVER/독학/10년생,신성연 sungyeon,"조회수 22,913회",2021. 4. 17.
179,STAYC (스테이씨) WINS NEW WAVE AWARD | @ ASIA ARTIST AWARDS AAA 2021,paulaaa,"조회수 7,115회",2021. 12. 2.
180,전원 센터 비주얼급!! 드디어 데뷔 스테이씨!🌟 | 스테이씨(STAYC) _ SO BAD | 수트댄스 | Suit Dance,1theK Originals - 원더케이 오리지널,"조회수 1,345,393회",2020. 11. 13.
181,"STAYC, STEREOTYPE (스테이씨, 색안경) [2021 INK Incheon K-POP Concert]",The K-POP,"조회수 240,741회",2021. 9. 27.
182,STACY(스테이씨)-색안경(STEREOTYPE) (Audio spectrum),Soft Cloud,조회수 1회,2021. 12. 11.
183,STAYC(스테이씨) - SO WHAT [어린이는 사랑입니다] | KBS 210505 방송,KBS Entertain,"조회수 27,165회",2021. 5. 7.
184,STAYC (스테이씨) - 'COMPLEX' Lyrics [Color Coded_Han_Rom_Eng],Zaty Farhani,"조회수 62,710회",2021. 9. 6.
185,STAYC(스테이씨) - ASAP PIANO COVER,HANPPYEOM한뼘피아노,"조회수 17,997회",2021. 4. 8.
186,스테이씨 STAYC - SO BAD [LIVE] / 심야아이돌,네이버 NOW.,"조회수 2,266,008회",2020. 11. 20.
187,STACY(스테이씨)-색안경/커버댄스/10년생/독학,가은,조회수 53회,2021. 10. 6.
188,SLOW DOWN - STAYC (스테이씨) [뮤직뱅크/Music Bank] | KBS 210910 방송,KBS Kpop,"조회수 260,073회",2021. 9. 10.
189,[K-Choreo 8k] 스테이씨 직캠 '색안경 (STEREOTYPE)' (STAYC Choreography) l @MusicBank 210917,KBS Kpop,"조회수 132,627회",2021. 9. 17.
190,STACY(스테이씨) - So Bad dance cover by Ash,Ash 同志社KPOP COVER DANCE,조회수 408회,2021. 4. 25.
191,[4K] 스테이씨와 함께 하는 크리스마스🎄 | 색안경(Christmas Ver.) | 블라블라 | blah blah | 블립,블립 - blip,"조회수 450,474회",최초 공개: 2021. 12. 22.
192,[쇼챔직캠 4K] STAYC - SLOW DOWN (스테이씨 - 슬로우 다운) l Show Champion l EP.410,ALL THE K-POP,"조회수 39,741회",2021. 9. 23.
193,STAYC(스테이씨) 'SLOW DOWN' Dance Practice,STAYC,"조회수 645,622회",2021. 9. 24.
194,STAYC(스테이씨) - SLOW DOWN (Music Bank) KBS WORLD TV 210910,KBS WORLD TV,"조회수 75,873회",2021. 9. 13.
195,STACY(스테이씨) - So Bad / 교차편집(Stage mix),로니,조회수 998회,2020. 12. 11.
196,STACY 스테이씨 자기소개하기~ 지스타 2021,JS 2TV,조회수 934회,2021. 11. 20.
197,[방구석 여기서요?] 스테이씨 STAYC - 색안경 STEREOTYPE | 커버댄스 Dance Cover,ARTBEAT,"조회수 595,993회",2021. 9. 15.
198,스테이씨(STACY)윤님(Yoon)염색!(신청가능)#shorts(출처를 이렇게 하는게 맟는지 모르겠지만 크롬 어딘가에서 따온 사진입니당),아이스크림,조회수 730회,2021. 11. 15.
199,"STAYC (스테이씨) - STEREOTYPE, ASAP | Live at 2021 The Fact Music Awards",STAYC ID,"조회수 75,597회",2021. 10. 2.
200,STAYC(스테이씨) '색안경 (STEREOTYPE)' Dance Tutorial | Mirrored + Explained,Kathleen Carm,"조회수 116,580회",2021. 9. 12.
201,"STAYC, ASAP (스테이씨, ASAP) [THE SHOW 210413]",The K-POP,"조회수 950,393회",2021. 4. 13.
202,Stacy(스테이씨) ASAP 교차편집(stage mix),교차편집,조회수 299회,2021. 6. 5.
203,STAYC (스테이씨) - 'SLOW DOWN' Lyrics [Color Coded_Han_Rom_Eng],Zaty Farhani,"조회수 97,076회",2021. 9. 6.
204,STAYC(스테이씨) [STEREOTYPE] Preview #2 Highlight Medley,STAYC,"조회수 371,227회",2021. 8. 30.
205,STACY 스테이씨 ASAP 지스타 2021,JS 2TV,"조회수 1,412회",2021. 11. 20.
206,"STAYC, ASAP (스테이씨, ASAP) [2021 INK Incheon K-POP Concert]",The K-POP,"조회수 138,493회",2021. 9. 27.
207,[KPOP IN PUBLIC CHALLENGE] STAYC (스테이씨) - ASAP Dance Cover By F.Nix From Taiwan,F.Nix,"조회수 116,064회",최초 공개: 2021. 5. 13.
208,[CLEAN MR Removed] 210917 STAYC (스테이씨) STEREOTYPE | Music Bank MR제거,BHK MR Removed,"조회수 35,477회",2021. 9. 17.
209,211127 스테이씨(STAYC) - 색안경(STEREOTYPE) + 쏘왓(So What) + 쏘밷(So Bad) + 에이쎕(ASAP) / 2021 전북대 대동제,우유한잔,"조회수 20,982회",2021. 11. 27.
210,예고준비생이 부르는 스테이씨 (STACY) - 색안경 커버 cover.윤서 (Acoustic ver.),윤서 ❦,"조회수 1,752회",2021. 10. 16.
211,STACY(스테이씨)_SO BAD를 콘서트에서 부른다면?[REMIX],뮤직인더스토리,조회수 30회,2021. 11. 19.
212,(ENG SUB)[MusicBank Interview Cam] 스테이씨 (STAYC Interview)l @MusicBank KBS 210917,KBS Kpop,"조회수 56,476회",2021. 9. 17.
213,🏠 스테이씨 오신 날,땡깡DanceKang,"조회수 1,973,492회",2021. 9. 19.
214,[커버댄스] 스테이씨 -색안경커버댄스 | STACY ' STERROTYPE ' Dance cover,송연희yeonhee,조회수 362회,2021. 10. 3.
215,STAYC(스테이씨) '색안경 (STEREOTYPE)' Dance Tutorial | Mirrored + Slow Music,Kathleen Carm,"조회수 237,571회",2021. 9. 12.
216,STACY - ASAP/스테이씨 - 에이셉 DANCE COVER,수쓸suessle,"조회수 4,040회",2021. 5. 28.
217,[TJ노래방] SO BAD - STAYC(스테이씨) / TJ Karaoke,TJ KARAOKE TJ 노래방 공식 유튜브채널,"조회수 235,082회",2020. 11. 18.
218,STAYC(스테이씨) '색안경 (STEREOTYPE)' MV Performance Ver.,STAYC,"조회수 4,655,972회",2021. 9. 15.
219,스테이씨 STAYC - LIKE THIS [LIVE] / 퀘스천마크,네이버 NOW.,"조회수 172,419회",2020. 12. 8.
220,[KPOP IN PUBLIC | ONE TAKE] STAYC(스테이씨) _ STEREOTYPE(색안경) | 커버댄스 Dance Cover By UPBEAT,UPBEAT,"조회수 36,744회",최초 공개: 2021. 9. 23.
221,STAYC 스테이씨 STEREOTYPE MV Reaction Mashup | Mapkrish,Mapkrish,"조회수 7,708회",2021. 9. 7.
222,스테이씨(STAYC) 색안경(STEREOTYPE) 안무 거울모드(Dance Practice Mirrored),안무거울,"조회수 328,084회",2021. 9. 8.
223,[DANCE] 스테이씨(STACY) ASAP 댄스커버 1인 DANCE COVER,설쩡하세요,조회수 740회,2021. 6. 11.
224,효인hyoin♥} 스테이씨STACY 에이셉 ASAP 커버댄스! ☆독학☆,효인이 Hyoin💖,조회수 666회,2021. 5. 2.
225,A group of visual vocalists! STAYC(스테이씨) 'ASAP' MV Reaction,Christina & Ed,"조회수 30,646회",2021. 5. 9.
226,[주간아 미방] 스테이씨(STAYC) 아이사 '색안경(STEREOTYPE)' 직캠 l EP.528,ALL THE K-POP,"조회수 147,083회",2021. 9. 8.
227,(ENG) 갓벽한 스테이씨 랜덤 플레이 댄스♬ l Weekly Idol l EP.528,ALL THE K-POP,"조회수 143,371회",2021. 9. 8.
228,[스테이씨] 스테이씨 사투리 모음,쥬테이씨,"조회수 280,514회",2020. 12. 27.
229,[페이스캠4K] 스테이씨 시은 'ASAP' (STAYC SIEUN FaceCam)│@SBS Inkigayo_2021.04.11.,스브스케이팝 / SBS KPOP,"조회수 1,177,523회",2021. 4. 13.
230,스테이씨_쏘배드_댓글모음,비디터ᴠɪᴅɪᴛᴏʀ,"조회수 705,494회",2021. 10. 31.
231,[FULL] EP#10. 색안경 빼고 애정 필터 장착 완료! (with 스테이씨),아이돌 라디오 [IDOL RADIO],"조회수 38,342회",2021. 9. 23.
232,210925 스테이씨(STAYC) - 색안경(STEREOTYPE) + 에이셉(ASAP) / The 12th INK Incheon K-POP Concert,우유한잔,"조회수 824,991회",2021. 9. 25.
233,[Show Champion] [COMEBACK] 스테이씨 - 에이셉 (STAYC - ASAP) l EP.390,ALL THE K-POP,"조회수 256,323회",2021. 4. 14.
234,STACY(스테이씨)-ASAP커버댄스/꾹꾹이춤,유니댄스 DANCE,조회수 77회,2021. 7. 30.
235,STAYC Sieun & J | 사이로(415) '그저 안녕' COVER,STAYC,"조회수 370,979회",2021. 7. 10.
236,STAYC STEREOTYPE Lyrics (스테이씨 색안경 가사) (Color Coded Lyrics),Jaeguchi,"조회수 1,088,636회",2021. 9. 6.
237,STAYC(스테이씨) - STEREOTYPE(색안경) @인기가요 inkigayo 20210926,스브스케이팝 / SBS KPOP,"조회수 185,470회",2021. 9. 26.
238,"6명의 소녀들 스테이씨 (Six Girls, STACY)",미모미,조회수 14회,2021. 8. 14.
239,[Freemind] STAYC(스테이씨) - 색안경 (STEREOTYPE) (Original Choreographer's Demo),Official FreeMind,"조회수 22,495회",2021. 9. 24.
240,STAYC ISA | EXO 'Love Shot' DANCE COVER,STAYC,"조회수 947,276회",2021. 7. 7.
241,STAYC (스테이씨) - SLOW DOWN 1시간 [1 HOUR LOOP],gspanda28,"조회수 1,825회",2021. 9. 6.
242,[스테이씨 세은] 어 예쁘다,[SWITH]스테이씨팬튜브,조회수 551회,2021. 7. 17.
243,[showcase] STAYC - slow down,스아랫,"조회수 104,381회",최초 공개: 2021. 9. 6.
244,STAYC - STEREOTYPE Line Distribution (Color Coded),HEXA6ON,"조회수 187,850회",2021. 9. 6.
245,"STAYC 스테이씨 "" COMPLEX "" Lyrics (ColorCoded/ENG/HAN/ROM/가사)",Puno Autopop,"조회수 31,772회",2021. 9. 6.
246,STAYC 스테이씨 'ASAP' (LIVE VOCAL) @ NOW 210412,lil monster,"조회수 844,999회",2021. 4. 13.
247,LIL CLUMSY (STAYC(스테이씨) '색안경 (STEREOTYPE)' MV Reaction),Deacs,"조회수 14,293회",2021. 9. 6.
248,STAYC (스테이씨) - SO BAD [PIANO COVER],HANPPYEOM한뼘피아노,"조회수 17,169회",2020. 11. 13.
249,[ 스테이씨/ stacy ] 스테이씨는? 뻔뻔이다. 아하핰,MY IDOL,조회수 736회,2021. 10. 21.
250,[Tutorial]스테이씨 '색안경' 안무 배우기 Dance Tutorial Mirror Mode,Aloha채릉,"조회수 31,065회",2021. 9. 7.
251,귀염뽀짝 스테이씨의 상상도 못한 결과?! ㄴ😮ㄱ | 돌들의 침묵 | STAYC (스테이씨) ‘ASAP',MUPLY 뮤플리,"조회수 571,137회",2021. 4. 9.
252,[페이스캠4K] 스테이씨 윤 '색안경' (STAYC YOON 'STEREOTYPE' FaceCam)│@SBS Inkigayo_2021.10.03.,스브스케이팝 / SBS KPOP,"조회수 68,217회",2021. 10. 5.
253,[STAYC] 스테이씨 입덕가이드,재진,"조회수 5,750회",2020. 12. 8.
254,STAYC - STEREOTYPE (스테이씨 - 색안경) | Show Champion | EP.411,ALL THE K-POP,"조회수 84,976회",2021. 9. 29.
255,[Reaction] [MV] STAYC(스테이씨) - ASAP,Sera Ryu-류 세라,"조회수 37,461회",2021. 4. 9.
256,이 조합 미쳤다 슬기x스테이씨,레베럽 해주세요,"조회수 20,585회",2021. 9. 17.
257,[페이스캠4K] 스테이씨 아이사 'SO BAD' (STAYC ISA FaceCam)│@SBS Inkigayo_2020.11.22.,스브스케이팝 / SBS KPOP,"조회수 398,766회",2020. 11. 26.
258,STAYC(스테이씨) 'ASAP' [REACTION MASHUP],React TV Brasil,"조회수 30,277회",2021. 4. 9.
259,[주간아 미방] 스테이씨(STAYC) 시은 '색안경(STEREOTYPE)' 직캠 l EP.528,ALL THE K-POP,"조회수 84,699회",2021. 9. 8.
260,[쇼! 음악중심]스테이씨 -소 배드 (STAYC -SO BAD) MBC 201205 방송,MBCkpop,"조회수 403,757회",2020. 12. 5.
261,직장 상사 앞에서 추는 스테이씨 (STACY) ASAP(에이셉) - (feat. 뒤에 누가 지켜 보고 있다.),굿걸즈,"조회수 2,909회",2021. 6. 24.
262,[TJ노래방] SO WHAT - STAYC(스테이씨) / TJ Karaoke,TJ KARAOKE TJ 노래방 공식 유튜브채널,"조회수 35,627회",2021. 7. 9.
263,공지::팬애칭에 대해,어징징_징징이,조회수 4회,2021. 12. 30.
264,[예능연구소 4K] 스테이씨 직캠 '색안경(STEREOTYPE)' (STAYC FanCam) @Show!MusicCore 210911,MBCkpop,"조회수 205,217회",2021. 9. 11.
265,🎼STACY(스테이씨)-ASAP 편곡 ver. 실용음악과 일반인 남자 노래커버🎼,송구리당당Songguridangdang,"조회수 7,065회",2021. 6. 19.
266,STACY(스테이씨) - SO BAD 교차편집(Stage Mix),뗀석기,조회수 344회,2020. 12. 10.
267,(ENG SUB)[MusicBank Interview Cam] 스테이씨 (STAYC Interview)l @MusicBank KBS 210625,KBS Kpop,"조회수 167,120회",2021. 6. 25.
268,[방구석 여기서요?] 스테이씨 STAYC - ASAP | 커버댄스 Dance Cover,ARTBEAT,"조회수 793,254회",2021. 6. 21.
269,STAYC - SLOW DOWN (스테이씨 - 슬로우 다운) | Show Champion | EP.410,ALL THE K-POP,"조회수 212,095회",2021. 9. 22.
270,박남정 과 스테아저씨들(ASAP)스테이씨♡ 커버_꾹꾹이춤|STAYC|,ECB Channel,"조회수 399,399회",2021. 5. 9.
271,"STAYC (스테이씨) ""STEREOTYPE (색안경)"" M/V REACTION - DANBEAT STUDIO",DANBEAT STUDIO (단빛 스튜디오),"조회수 16,052회",최초 공개: 2021. 9. 7.
272,STACY(스테이씨) _ ASAP l Cover by Kesh,Kesh,조회수 43회,2021. 4. 12.
273,[페이스캠4K] 스테이씨 시은 '색안경' (STAYC SIEUN 'STEREOTYPE' FaceCam)│@SBS Inkigayo_2021.09.12.,스브스케이팝 / SBS KPOP,"조회수 24,656회",2021. 9. 13.
274,"[Karaoke Ver.] STAYC (스테이씨) ""ASAP"" (Color Coded Han/Ing/가사) (7 Members)",KGlow,"조회수 85,696회",2021. 4. 9.
275,다솜과 색안경 챌린지! #색안경#스테이 씨 #stereotype #stacy,앵두_Eangdoo°•°,조회수 144회,2021. 10. 12.
276,[Selahart] STACY (스테이씨) - 에이셉 ASAP 🌼 | Kpop Dance | 5 ppl ver.,Selahart Group,조회수 25회,2021. 9. 21.
277,STEREOTYPE Practice VLOG #2,STAYC,"조회수 479,058회",2021. 9. 29.
278,STACY(스테이씨) - ASAP 교차편집(Stage Mix),따위,조회수 118회,2021. 6. 6.
279,[안방1열 직캠4K] 스테이씨 아이사 '색안경' (STAYC ISA 'STEREOTYPE' FanCam)│@SBS Inkigayo_2021.09.12.,스브스케이팝 / SBS KPOP,"조회수 83,026회",2021. 9. 12.
280,[MIRRORED Full] 스테이씨(STACY) - ASAP(에이셉) | 댄스커버 거울모드,현해Hyunhae,조회수 52회,2021. 8. 31.
281,"STAYC(스테이씨), THE SHOW CHOICE! (Non-edited ver.) [THE SHOW 210914]",The K-POP,"조회수 51,067회",2021. 9. 15.
282,[K-POP IN PUBLIC] STAYC (스테이씨) - SO BAD cover by New★Nation,New Nation,"조회수 28,751회",최초 공개: 2021. 4. 14.
283,[커버댄스] STACY스테이씨-색안경 커버 ✨/ 10년생 / 독학,민서minseo,조회수 341회,2021. 10. 5.
284,[K-Choreo 6k] 스테이씨 'SO BAD' (STAYC Choreography) l @MusicBank 201113,KBS Kpop,"조회수 150,761회",2020. 11. 16.
285,"아빠 박남정과 똑 닮은 스테이씨(STAYC) 시은, 걸그룹 ‘폭풍데뷔’",뉴스1 연예TV,"조회수 4,366회",2020. 11. 13.
286,[안방1열 직캠4K] 스테이씨 '색안경' 풀캠 (STAYC 'STEREOTYPE' Full Cam)│@SBS Inkigayo_2021.09.12.,스브스케이팝 / SBS KPOP,"조회수 169,440회",2021. 9. 12.
287,쿨룩 LIVE ▷스테이씨(STAYC) ‘Complex’ / [정은지의 가요광장]｜KBS 210908 방송,KBS CoolFM,"조회수 131,173회",2021. 9. 8.
288,수민이의 Vlog | 수민이가 휴가를~?🐰 (휴가브이로그/포항/우리냥이들/콩이/비지/제주/초점less..),STAYC,"조회수 166,517회",2021. 12. 3.
289,[K-Fancam] 스테이씨 재이 'ASAP' (STAYC J Fancam) l @MusicBank 210409,KBS Kpop,"조회수 115,397회",2021. 4. 9.
290,[안방1열 직캠4K] 스테이씨 'ASAP' 풀캠 (STAYC Full Cam)│@SBS Inkigayo_2021.04.18.,스브스케이팝 / SBS KPOP,"조회수 281,567회",2021. 4. 18.
291,STACY(스테이씨) - 색안경(STEREOTYPE) 댄스커버🌈💕 #shorts #색안경 #스테이씨 / 독학/ 준경 JUN KYUNG 💕,준경 JUN KYUNG 💕,조회수 100회,2021. 10. 1.
292,[안방1열 직캠4K] 스테이씨 아이사 'ASAP' (STAYC ISA FanCam)│@SBS Inkigayo_2021.04.18.,스브스케이팝 / SBS KPOP,"조회수 464,980회",2021. 4. 18.
293,[자축라이브 4K] 👓 색안경도 벗어던지게 만든 1위 가수 STAYC(스테이씨)👍🏻,The K-POP,"조회수 59,984회",2021. 9. 17.
294,스테이씨(STACY)-ASAP(에이셉) 설명읽어주세요. #Youtube채린,Youtube채린,조회수 560회,2021. 7. 20.
295,스테이씨(STACY)-Asap COVER DANCE,최혜민,조회수 40회,2021. 5. 2.
296,[ 타임랩스 ] 스테이씨 (STACY) 세은 그리기,민지공간,조회수 238회,2021. 5. 4.
297,STAYC - ASAP Piano Cover,DooPiano,"조회수 72,895회",2021. 5. 1.
298,[Live MR Removed | 라이브 엠알 제거] STAYC(스테이씨) _ STEREOTYPE(스테레오타입) @ 210917 KBS Music Bank,태형시,"조회수 79,193회",2021. 9. 17.
299,스테이씨 STAYC - 에이셉 ASAP 안무 거울모드│MINICHU:M,MINICHU:M미니츄움,"조회수 272,249회",2021. 4. 24.
300,STAYC(스테이씨) [STAYDOM] Preview #2 Highlight Medley,STAYC,"조회수 506,659회",2021. 4. 2.
301,[K-Fancam] 스테이씨 윤 직캠 'ASAP + 색안경' (STAYC YOON Fancam) l @가요대축제 211217,KBS Kpop,"조회수 23,387회",2021. 12. 20.
302,스테이씨(STACY) - 색안경 (피아노 연습중😁❤) #shorts,숙경쓰 : piano cover,"조회수 1,065회",2021. 9. 7.
303,[예능연구소] 스테이씨 시은 직캠 'ASAP' (STAYC SIEUN FanCam) @Show!MusicCore 210417,MBCkpop,"조회수 427,649회",2021. 4. 17.
304,[페이스캠4K] 스테이씨 시은 '색안경' (STAYC SIEUN 'STEREOTYPE' FaceCam)│@SBS Inkigayo_2021.09.26.,스브스케이팝 / SBS KPOP,"조회수 31,684회",2021. 9. 28.
305,"[Karaoke] STAYC (스테이씨) ""STEREOTYPE"" (Color Coded Eng/Rom/Han/가사) (7 Members)",KGlow,"조회수 41,044회",2021. 9. 7.
306,[페이스캠4K] 스테이씨 윤 'SO BAD' (STAYC YOON FaceCam)│@SBS Inkigayo_2020.11.22.,스브스케이팝 / SBS KPOP,"조회수 379,015회",2020. 11. 26.
307,스테이씨(STAYC) 쏘왓(SO WHAT) 안무 거울모드(Dance Practice Mirrored),안무거울,"조회수 16,493회",2021. 5. 12.
308,스테이씨 'ASAP' 뮤비를 보는 남녀 댄서의 반응 차이 | STAYC 'ASAP'' MV REACTION,ARTBEAT,"조회수 276,113회",2021. 4. 9.
309,STAYC Sieun | TWICE (트와이스) 'MORE & MORE' DANCE COVER,STAYC,"조회수 1,066,781회",2021. 6. 9.
310,STACY(스테이씨)-'ASAP'(에이셉)커버댄스🐰DANCE COVER/독학👩/10년생💝,꽃가은❤,조회수 906회,2021. 9. 2.
311,[COVER] STACY(스테이씨)- 색안경 (STEREOTYPE) cover,상처,조회수 151회,2021. 9. 14.
312,[랜덤 커버보컬팀 일비] STACY(스테이씨) - ASAP COVER,일비,조회수 188회,2021. 7. 19.
313,스테이씨(STACY) ASAP,dancing윤,조회수 365회,2021. 5. 1.
314,[안방1열 직캠4K] 스테이씨 윤 'SO BAD' (STAYC YOON FanCam)│@SBS Inkigayo_2020.11.15.,스브스케이팝 / SBS KPOP,"조회수 866,400회",2020. 11. 16.
315,[KPOP IN PUBLIC] STAYC(스테이씨) - 'SO BAD' Dance Cover By N'CODE from Taiwan,N’ CODE,"조회수 79,755회",최초 공개: 2021. 2. 5.
316,요즘 리즈 갱신중인 스테이씨 재이,늄늄,"조회수 5,917회",2021. 10. 6.
317,[STACY]스테이씨가 포켓몬이 된다면?,최장신박시은,조회수 4회,2021. 9. 3.
318,[K-Choreo 6k] 스테이씨 'SO BAD' (STAYC Choreography) l @MusicBank 201204,KBS Kpop,"조회수 161,759회",2020. 12. 4.
319,STACY(스테이씨)-'ASAP' Dance Cover #Shorts,케이트 KATE,"조회수 3,186회",2021. 4. 8.
320,"Can Kpop Group finish the lyrics of BLACKPINK, TWICE & SKZ? l FLC l STAYC",ROLLING in K-POP,"조회수 2,046,164회",2021. 4. 25.
321,[페이스캠4K] 스테이씨 윤 '색안경' (STAYC YOON 'STEREOTYPE' FaceCam)│@SBS Inkigayo_2021.09.12.,스브스케이팝 / SBS KPOP,"조회수 47,683회",2021. 9. 13.
322,STAYC(스테이씨) '색안경 (STEREOTYPE)' MV reaction,Differently Alike,"조회수 29,248회",2021. 9. 16.
323,[설명참고!!] 스테이씨(STACY)-색안경/커버댄스/11년생#shorts #11년생,FREEMINSEO_,조회수 828회,2021. 9. 8.
324,#스테이씨#asap#asap안무#커버댄스 ASAP-STACY( 스테이씨)ㅣMIRRORED DANCE커버댄스ㅣ거울모드,MIN H,"조회수 1,140회",2021. 5. 14.
325,STAYC - Stereotype Piano Cover,DooPiano,"조회수 51,667회",2021. 9. 7.
326,STAYC(스테이씨) - SO BAD 전곡 댄스커버(15:33) & 튜토리얼 거울모드 FULL DANCE COVER & MIRROR TUTORIAL,잇츠유림 It's U Limn,"조회수 47,732회",2020. 11. 23.
327,STAYC(스테이씨) 'ASAP' MV REACTION,GZBKarma,"조회수 98,469회",2021. 4. 8.
328,[IU TV] 후배들 울린 MMA 썰 푼다.ssul,이지금 [IU Official],"조회수 942,370회",2021. 12. 22.
329,[中韓字幕 LIVE] STAYC (스테이씨) 'ASAP' Showcase Stage,林志文,"조회수 4,444회",2021. 4. 8.
330,[K-Fancam] 스테이씨 아이사 직캠 '색안경 (STEREOTYPE)' (STAYC ISA Fancam) l @MusicBank 210910,KBS Kpop,"조회수 113,200회",2021. 9. 10.
331,[스테이씨/STAYC] 스테이씨의 공식 팬덤명 발표!,온리챙,"조회수 130,927회",2020. 12. 31.
332,[K-Choreo 6k] 스테이씨 'SO BAD' (STAYC Choreography) l @MusicBank 201127,KBS Kpop,"조회수 191,223회",2020. 11. 27.
333,[INST] STAYC (스테이씨) - 색안경 (STEREOTYPE),All VC,"조회수 24,435회",2021. 9. 6.
334,#Shorts/ASAP/STACY/스테이씨/piano cover/K-pop,🌈Hellojiny헬로우지니💕,조회수 649회,2021. 5. 28.
335,"[LYRICS]STAYC(스테이씨)—Bang Bang cover (Original song by Jessie J, Ariana Grande, Nicki Minaj)",CHANNEL K,"조회수 3,370회",2021. 4. 24.
336,STACY(스테이씨)-ASAP 커버댄스(cover dance)/독학/07년생/거울모드/Mirro mode/KPOP dance/,춤추는고니[Dancing goni],"조회수 3,881회",2021. 5. 11.
337,[K-Fancam] 스테이씨 아이사 'ASAP' (STAYC ISA Fancam) l @MusicBank 210409,KBS Kpop,"조회수 277,357회",2021. 4. 9.
338,꾹꾹이춤! Stacy(스테이시)의 ASAP! 춤 대회! ㅣ 초등학생부터 어머님까지....ㅣ킹반인 레전드 댄스 모음,임다TV,"조회수 97,565회",2021. 6. 12.
339,STAYC(스테이씨) 'SO BAD' Visual Video,STAYC,"조회수 449,332회",2020. 11. 25.
340,[안방1열 직캠4K] 스테이씨 시은 '색안경' (STAYC SIEUN 'STEREOTYPE' FanCam)│@SBS Inkigayo_2021.09.19.,스브스케이팝 / SBS KPOP,"조회수 39,643회",2021. 9. 20.
341,주의⚠️색안경 끼고 보지 마세요⚠️ | STACY(스테이씨) 색안경(STEREOTYPE) | 독학 | 07년생 | 숙대입시 | #shorts | Kpop커버댄스 |,춤추는고니[Dancing goni],"조회수 1,616회",2021. 9. 11.
342,STACY(스테이씨) ASAP(에이셉) 교차편집(Stage Mix),다나,조회수 274회,2021. 5. 15.
343,스테이씨 - 색안경(STACY - STEREOTYPE) | Drum cover [기면준] #shorts,기면준,"조회수 1,687회",2021. 9. 6.
344,STAYC (스테이씨) - 색안경 (STEREOTYPE) [8D AUDIO] 🎧,Jimmy,"조회수 4,903회",2021. 9. 7.
345,ASIA ARTIST AWARDS 2021 | STAYC (스테이씨) _ STEREOTYPE + ASAP [AAA 2021],Music START!!,"조회수 70,732회",2021. 12. 2.
346,[MIRRORED] STAYC 스테이씨 - ASAP 안무 거울모드 | (SLOW) 느리게 거울모드,Ya Rin_야린,"조회수 12,738회",2021. 4. 15.
347,[Dance Cover] STACY - ASAP l 스테이씨 - 에이셉,DanSRMi 댄스르미,"조회수 1,739회",2021. 6. 2.
348,뜨거운 땡볕아래 STACY(스테이씨) -ASAP 커버 #shorts,찰떡콩떡커플[cc couple],"조회수 2,525회",2021. 10. 27.
349,10년생) STACY(스테이씨)-ASAP(에이셉) 커버댄스 #stacy#asap커버,little댄스,조회수 439회,2021. 6. 16.
350,STAYC Yoon | Red Velvet - IRENE & SEULGI '놀이 (Naughty)' DANCE COVER,STAYC,"조회수 1,456,717회",2021. 6. 16.
351,[K-Fancam] 스테이씨 재이 직캠 'SO BAD' (STAYC J Fancam) l @MusicBank 201204,KBS Kpop,"조회수 46,662회",2020. 12. 4.
352,내 칭구칭긔와 STACY(스테이씨)-색안경(STEREOTYPE)| 07년생 | 독학 | 커버댄스 | #short | 💗 |,춤추는고니[Dancing goni],"조회수 1,898회",2021. 9. 21.
353,STAYC(스테이씨) - SLOW DOWN (Line Distribution),zaechi,"조회수 10,357회",2021. 9. 9.
354,STAYC Sumin | Olivia Rodrigo 'good 4 u' COVER,STAYC,"조회수 754,203회",2021. 6. 23.
355,스테이씨(STAYC) _ 'SO BAD' 한국어 가사  Lyrics,Be ri,"조회수 3,821회",2020. 11. 29.
356,스테이씨(STAYC) - Stereotype (색안경) 가사 한국어 (Hangul Lyrics) [With MV],Juicmang,"조회수 5,191회",2021. 9. 6.
357,STACY 스테이씨-ASAP 에이셉 | 댄스커버 Dance cover | 세렌디피티,세렌디피티 Serendifity,"조회수 1,661회",2021. 5. 19.
358,자윤이의 Vlog | YOON in Jeju (휴가브이로그/제주에서힐링/스테이씨수민목격담/카감울언니),STAYC,"조회수 113,890회",2021. 12. 8.
359,[안방1열 직캠4K] 스테이씨 수민 'SO BAD' (STAYC SUMIN FanCam)│@SBS Inkigayo_2020.11.15.,스브스케이팝 / SBS KPOP,"조회수 85,024회",2020. 11. 16.
360,ASEP 에이쎕 STACY 스테이씨 Dance Cover 이로초 방송댄스,yuliana kim,조회수 81회,2021. 11. 23.
361,REDVELVET & 태연이 롤모델인 완벽 비주얼 신인! 스테이씨 윤ㅣNaughtyㅣFineㅣRole Model Cover VS,1theK Originals - 원더케이 오리지널,"조회수 332,205회",2021. 4. 23.
362,STAY C (스테이씨) - ASAP FULL DANCE COVER 안무 커버댄스 거울모드 (Mirrored),GREAPA X CHERRI,"조회수 175,069회",2021. 4. 10.
363,[안방1열 직캠4K] 스테이씨 시은 '색안경' (STAYC SIEUN 'STEREOTYPE' FanCam)│@SBS Inkigayo_2021.09.12.,스브스케이팝 / SBS KPOP,"조회수 44,169회",2021. 9. 12.
364,[中韓歌詞/繁中字認聲] STAYC(스테이씨) - 색안경 (STEREOTYPE),Starlight Lyrics,"조회수 14,682회",2021. 9. 6.
365,[안방1열 직캠4K] 스테이씨 아이사 '색안경' (STAYC ISA 'STEREOTYPE' FanCam)│@SBS Inkigayo_2021.09.19.,스브스케이팝 / SBS KPOP,"조회수 39,704회",2021. 9. 20.
366,[HOUR. 1시간] STAYC (스테이씨) _ STEREOTYPE (색안경) / 가사 / 1 hour loop,HOUR.,"조회수 46,419회",2021. 9. 6.
367,랜덤 커버 보컬 팀 키르시 .·˖*🍒·⑅♡ STACY(스테이씨) - So what COVER,키르시,조회수 939회,최초 공개: 2021. 9. 6.
368,[방구석 여기서요?] STAYC - So Bad (Tak Remix) | 커버댄스 Dance Cover,ARTBEAT,"조회수 735,919회",2021. 3. 29.
369,STACY(스테이씨) - ASAP (에이셉) | Dance cover 댄스커버 2인ver. mirrored 거울모드,"어썸오디션 클래스 건대,성수",조회수 662회,2021. 5. 10.
370,[CHALLENGE] STACY(스테이씨) - ASAP(에이셉) 커버댄스 거울모드 COVER DANCE 챌린지,YENA DDAN,"조회수 1,085회",2021. 5. 5.
371,STAYC - ASAP (Line Distribution + Lyrics Color Coded) PATREON REQUESTED,random_k,"조회수 544,911회",2021. 4. 8.
372,스테이씨 - 쏘왓 / STACY - SO WHAT 교차편집 [stage mix],S Y E Y S U _05,조회수 95회,2021. 5. 13.
373,스테이씨 (STAYC) - 색안경 (STEREOTYPE) 교차편집 (Stage Mix),찌녑,"조회수 1,070,405회",2021. 9. 23.
374,STACY (스테이씨) ASAP (에이셉) #고3 #에이셉 #shorts,슈퍼문,"조회수 6,098회",2021. 8. 4.
375,[스테이씨/수민] 본인도 귀여운걸 아는 배토끼,최장신박시은,조회수 461회,2021. 9. 11.
376,#스테이씨 #STACY #색안경챌린지 #STEREOTYPEChallenge #뮤플리 #MUPLY #돌들의침묵 @kelog2,jjin恋,조회수 929회,2021. 9. 7.
377,STACY(스테이씨) - ASAPㅣDANCE COVER 댄스 커버 2인,댕스터 DANGSTER,조회수 229회,2021. 6. 28.
378,"'시버지' 박남정! 딸 스테이씨 시은에 대한 사랑을 담은 ASAP 커버 댄스★ l #비스정류장 l #비디오스타 l #MBCevery1 l EP.251, 210",MBC every1,"조회수 362,761회",2021. 6. 2.
379,스테이씨(STACY)-ASAP / 커버댄스 DANCE COVER / MAX DANCE STUDIO,MAX DANCE STUDIO,조회수 113회,2021. 6. 1.
